Plot_ID,Type,Plot_Haglof,Plot_Radius,Tree_Nr,Tree_Spc,Strata,Tree_Dia,Tree_PosTex1,Tree_PosTex2,Tree_PosTex3,Tree_Local_x,Tree_Local_y,Tree_Local_Dist,Tree_Local_Angle,Tree_Angle_ToPlotCenter,Latitude,Longitude,,,,,,,,,
T1,Treatment,502,7.6,1,QURU,Can,330,22,199,211,-0.74,-0.88,1.15,220.06,-1,45.558308,-84.6962154,,,,,,,,,
T1,Treatment,502,7.6,2,PIST,Sub,31,70,259,232,-1.7,-0.48,1.77,254.32,-5,45.5583119,-84.6962276,,,,,,,,,
T1,Treatment,502,7.6,3,PIST,Sub,8,252,436,353,-3.44,0.14,3.44,272.32,-5,45.5583179,-84.6962495,,,,,,,,,
T1,Treatment,502,7.6,4,PIST,Sub,8,345,528,433,-4.31,0.44,4.34,275.8,-5,45.5583208,-84.6962606,,,,,,,,,
T1,Treatment,502,7.6,5,PIST,Sub,39,211,385,277,-2.75,0.6,2.82,282.38,-8,45.5583219,-84.6962406,,,,,,,,,
T1,Treatment,502,7.6,6,PIST,Sub,17,378,543,400,-4,1.77,4.38,293.9,-8,45.5583327,-84.6962562,,,,,,,,,
T1,Treatment,502,7.6,7,PIRE,Can,144,463,634,497,-4.92,1.78,5.23,289.88,-6,45.558333,-84.696268,,,,,,,,,
T1,Treatment,502,7.6,8,PIST,Sub,13,502,668,520,-5.12,2.35,5.63,294.63,-8,45.5583382,-84.6962703,,,,,,,,,
T1,Treatment,502,7.6,9,ACRU,Sub,45,477,621,445,-4.04,3.14,5.11,307.86,-2,45.558345,-84.6962561,,,,,,,,,
T1,Treatment,502,7.6,10,PIST,Sub,19,541,662,470,-3.68,4.17,5.56,318.56,-4,45.5583542,-84.6962512,,,,,,,,,
T1,Treatment,502,7.6,11,PIST,Sub,60,512,631,438,-3.43,3.97,5.24,319.17,-2,45.5583523,-84.696248,,,,,,,,,
T1,Treatment,502,7.6,12,PIST,Sub,49,424,432,248,-0.24,3.64,3.64,356.24,-5,45.5583485,-84.6962073,,,,,,,,,
T1,Treatment,502,7.6,13,PIST,Sub,70,287,318,120,-0.53,2.26,2.32,346.91,-7,45.5583362,-84.6962115,,,,,,,,,
T1,Treatment,502,7.6,14,PIST,Sub,31,176,257,79,-0.86,1.21,1.48,324.6,-4,45.5583268,-84.6962161,,,,,,,,,
T1,Treatment,502,7.6,15,POGR,Can,288,455,412,269,0.94,3.55,3.67,14.79,-4,45.5583474,-84.6961923,,,,,,,,,
T1,Treatment,502,7.6,16,PIST,Sub,54,478,380,305,2.43,2.98,3.84,39.22,-5,45.5583419,-84.6961734,,,,,,,,,
T1,Treatment,502,7.6,17,PIST,Sub,39,373,273,212,1.94,2.03,2.81,43.7,-1,45.5583335,-84.69618,,,,,,,,,
T1,Treatment,502,7.6,18,PIST,Sub,15,433,305,286,2.75,1.97,3.38,54.38,-2,45.5583327,-84.6961697,,,,,,,,,
T1,Treatment,502,7.6,19,PIST,Sub,38,538,404,387,3.6,2.54,4.41,54.79,-1,45.5583377,-84.6961586,,,,,,,,,
T1,Treatment,502,7.6,20,PIST,Sub,11,352,216,227,2.26,1.22,2.57,61.74,-4,45.5583261,-84.6961761,,,,,,,,,
T1,Treatment,502,7.6,21,PIST,Sub,19,503,335,398,3.99,0.98,4.11,76.2,-2,45.5583235,-84.6961542,,,,,,,,,
T1,Treatment,502,7.6,22,PIST,Sub,18,569,410,444,4.41,1.74,4.74,68.47,-2,45.5583303,-84.6961485,,,,,,,,,
T1,Treatment,502,7.6,23,PIST,Can,81,403,236,428,2.76,-2.16,3.51,128.07,-4,45.5582956,-84.696171,,,,,,,,,
T1,Treatment,502,7.6,24,ACRU,Sub,31,376,233,434,2.25,-2.57,3.42,138.77,-7,45.558292,-84.6961777,,,,,,,,,
T1,Treatment,502,7.6,25,ACRU,Sub,70,413,260,459,2.65,-2.62,3.72,134.67,-3,45.5582915,-84.6961727,,,,,,,,,
T1,Treatment,502,7.6,26,PIST,Sub,7,742,575,771,5.49,-4.29,6.96,128.01,-8,45.5582758,-84.6961369,,,,,,,,,
T1,Treatment,502,7.6,27,QURU,Can,281,547,387,568,3.98,-2.85,4.9,125.62,-8,45.5582891,-84.6961557,,,,,,,,,
T1,Treatment,502,7.6,28,PIST,Sub,11,533,484,633,1.38,-5.34,5.51,165.51,2,45.5582674,-84.6961899,,,,,,,,,
T1,Treatment,502,7.6,29,QURU,Can,190,296,317,451,-0.18,-3.41,3.41,183.02,0,45.5582851,-84.6962091,,,,,,,,,
T1,Treatment,502,7.6,30,QURU,Can,219,693,812,877,-4.55,-6.4,7.86,215.39,-4,45.5582593,-84.6962662,,,,,,,,,
T1,Treatment,502,7.6,31,PIST,Sub,21,614,759,791,-5.35,-4.87,7.23,227.68,-4,45.5582733,-84.6962758,,,,,,,,,
T1,Treatment,502,7.6,32,PIST,Sub,14,598,749,775,-5.43,-4.55,7.08,230.04,0,45.5582762,-84.6962768,,,,,,,,,
T1,Treatment,502,7.6,33,PIST,Sub,34,541,687,716,-4.84,-4.31,6.48,228.36,-6,45.5582783,-84.6962692,,,,,,,,,
T1,Treatment,502,7.6,34,PIST,Sub,31,388,544,560,-3.96,-3,4.97,232.83,-9,45.5582898,-84.6962574,,,,,,,,,
T1,Treatment,502,7.6,35,PIST,Sub,18,328,480,506,-3.27,-2.91,4.38,228.32,-4,45.5582904,-84.6962485,,,,,,,,,
T1,Treatment,502,7.6,36,POGR,Can,286,475,647,633,-5.16,-2.53,5.74,243.88,-2,45.5582943,-84.6962725,,,,,,,,,
T1,Treatment,502,7.6,37,PIST,Sub,19,476,655,623,-5.58,-1.81,5.87,252.03,-1,45.5583009,-84.6962777,,,,,,,,,
T1,Treatment,502,7.6,38,PIST,Sub,28,397,571,554,-4.65,-2.03,5.08,246.45,-6,45.5582987,-84.6962659,,,,,,,,,
T1,Treatment,502,7.6,39,PIST,Sub,18,291,460,453,-3.57,-1.84,4.02,242.74,-10,45.5583001,-84.696252,,,,,,,,,
T1,Treatment,502,7.6,40,PIST,Sub,29,397,588,521,-4.97,-0.53,5,263.95,-6,45.5583123,-84.6962694,,,,,,,,,
T1,Treatment,502,7.6,41,PIST,Sub,6,486,670,586,-5.81,0.09,5.81,270.88,-8,45.5583181,-84.69628,,,,,,,,,
T1,Treatment,502,7.6,42,PIST,Sub,24,450,635,543,-5.4,0.34,5.41,273.6,-3,45.5583202,-84.6962746,,,,,,,,,
T2,Treatment,504,7.89,1,PIST,Sub,28,256,128,136,1.3,0.75,1.5,60.02,4,45.5583863,-84.6956915,,,,,,,,,
T2,Treatment,504,7.89,2,PIST,Sub,14,247,163,91,0.91,1.11,1.44,39.09,6,45.5583897,-84.6956963,,,,,,,,,
T2,Treatment,504,7.89,3,PIST,Sub,25,349,251,165,1.48,1.96,2.46,37.1,5,45.5583972,-84.6956886,,,,,,,,,
T2,Treatment,504,7.89,4,PIST,Sub,39,435,327,241,1.97,2.63,3.28,36.84,2,45.558403,-84.6956822,,,,,,,,,
T2,Treatment,504,7.89,5,PIST,Sub,40,417,326,212,1.51,2.72,3.11,29.04,-1,45.558404,-84.695688,,,,,,,,,
T2,Treatment,504,7.89,6,PIST,Sub,18,564,421,392,3.6,2.82,4.57,51.93,1,45.5584043,-84.6956612,,,,,,,,,
T2,Treatment,504,7.89,7,PIST,Sub,31,757,628,557,4.22,4.91,6.47,40.68,-1,45.558423,-84.6956525,,,,,,,,,
T2,Treatment,504,7.89,8,PIST,Sub,42,617,499,417,3.11,4.03,5.09,37.68,-4,45.5584153,-84.695667,,,,,,,,,
T2,Treatment,504,7.89,9,PIST,Sub,37,699,589,491,3.25,4.95,5.92,33.29,-2,45.5584235,-84.6956649,,,,,,,,,
T2,Treatment,504,7.89,10,PIST,Sub,18,719,608,512,3.41,5.09,6.12,33.82,-2,45.5584248,-84.6956628,,,,,,,,,
T2,Treatment,504,7.89,11,PIST,Sub,29,667,578,453,2.42,5.09,5.64,25.38,-3,45.5584251,-84.6956755,,,,,,,,,
T2,Treatment,504,7.89,12,PIST,Sub,47,635,541,421,2.4,4.72,5.29,26.95,-1,45.5584217,-84.6956759,,,,,,,,,
T2,Treatment,504,7.89,13,PIST,Sub,22,611,542,383,1.41,4.87,5.07,16.15,2,45.5584233,-84.6956885,,,,,,,,,
T2,Treatment,504,7.89,14,PIST,Sub,6,336,280,126,0.7,2.28,2.39,17.07,0,45.5584002,-84.6956985,,,,,,,,,
T2,Treatment,504,7.89,15,ACRU,Sub,28,201,203,26,-0.32,1.22,1.26,345.3,5,45.5583909,-84.695712,,,,,,,,,
T2,Treatment,504,7.89,16,ACRU,Sub,43,158,177,60,-0.35,0.66,0.75,332.06,4,45.5583859,-84.6957126,,,,,,,,,
T2,Treatment,504,7.89,17,ACRU,Sub,33,201,319,154,-1.6,1.37,2.1,310.57,-4,45.5583926,-84.6957283,,,,,,,,,
T2,Treatment,504,7.89,18,ACRU,Can,115,251,352,165,-1.56,1.85,2.41,319.86,-4,45.5583969,-84.6957276,,,,,,,,,
T2,Treatment,504,7.89,19,FAGR,Sub,63,269,363,175,-1.54,2.07,2.58,323.31,6,45.5583989,-84.6957273,,,,,,,,,
T2,Treatment,504,7.89,20,FAGR,Sub,49,295,412,227,-2.09,2.19,3.02,316.34,3,45.5584001,-84.6957342,,,,,,,,,
T2,Treatment,504,7.89,21,PIST,Sub,16,507,578,377,-1.94,4.45,4.85,336.49,4,45.5584204,-84.6957315,,,,,,,,,
T2,Treatment,504,7.89,22,FAGR,Sub,45,569,725,554,-5.13,3.39,6.15,303.46,-1,45.5584117,-84.6957728,,,,,,,,,
T2,Treatment,504,7.89,23,FAGR,Sub,12,595,748,577,-5.28,3.63,6.4,304.51,2,45.5584139,-84.6957746,,,,,,,,,
T2,Treatment,504,7.89,24,PIRE,Sub,87,427,604,461,-4.61,1.71,4.92,290.35,0,45.5583965,-84.6957667,,,,,,,,,
T2,Treatment,504,7.89,25,PIST,Sub,24,270,463,350,-3.52,0.52,3.56,278.4,1,45.5583855,-84.6957532,,,,,,,,,
T2,Treatment,504,7.89,26,PIST,Sub,24,264,458,367,-3.57,0.12,3.57,271.92,4,45.5583819,-84.695754,,,,,,,,,
T2,Treatment,504,7.89,27,QURU,Can,305,205,405,338,-2.94,-0.5,2.98,260.35,-2,45.5583762,-84.6957461,,,,,,,,,
T2,Treatment,504,7.89,28,PIST,Sub,22,52,253,239,-1.54,-0.75,1.71,244.03,1,45.5583735,-84.6957283,,,,,,,,,
T2,Treatment,504,7.89,29,PIST,Sub,33,333,516,517,-3.88,-2.33,4.53,239.01,1,45.5583599,-84.6957589,,,,,,,,,
T2,Treatment,504,7.89,30,PIST,Sub,37,410,588,595,-4.44,-2.86,5.28,237.21,0,45.5583553,-84.6957662,,,,,,,,,
T2,Treatment,504,7.89,31,PIST,Sub,32,343,509,540,-3.51,-2.98,4.61,229.65,-4,45.558354,-84.6957544,,,,,,,,,
T2,Treatment,504,7.89,32,PIST,Sub,34,176,322,385,-1.81,-2.22,2.86,219.19,1,45.5583604,-84.6957323,,,,,,,,,
T2,Treatment,504,7.89,33,PIST,Sub,22,46,157,188,-0.53,-0.73,0.9,215.98,3,45.5583735,-84.6957154,,,,,,,,,
T2,Treatment,504,7.89,34,PIST,Sub,30,272,395,477,-2.03,-3.17,3.76,212.63,-3,45.5583519,-84.6957355,,,,,,,,,
T2,Treatment,504,7.89,35,ACRU,Can,88,285,391,484,-1.72,-3.37,3.78,207.04,2,45.55835,-84.6957316,,,,,,,,,
T2,Treatment,504,7.89,36,PIST,Sub,21,492,641,696,-4.14,-4.45,6.08,222.94,4,45.5583409,-84.695763,,,,,,,,,
T2,Treatment,504,7.89,37,PIRE,Can,104,524,658,730,-3.85,-5.01,6.32,217.57,9,45.5583358,-84.6957595,,,,,,,,,
T2,Treatment,504,7.89,38,PIST,Sub,15,486,617,712,-3.41,-4.94,6,214.62,0,45.5583363,-84.6957538,,,,,,,,,
T2,Treatment,504,7.89,39,PIST,Sub,15,485,544,673,-1.51,-5.46,5.66,195.45,-7,45.5583312,-84.6957297,,,,,,,,,
T2,Treatment,504,7.89,40,PIST,Sub,11,416,471,602,-1.19,-4.8,4.95,193.92,-7,45.558337,-84.6957253,,,,,,,,,
T2,Treatment,504,7.89,41,PIST,Sub,36,237,254,399,-0.15,-2.87,2.87,182.99,-1,45.5583541,-84.6957113,,,,,,,,,
T2,Treatment,504,7.89,42,PIST,Sub,32,390,337,521,1.03,-3.98,4.11,165.49,-1,45.5583438,-84.6956966,,,,,,,,,
T2,Treatment,504,7.89,43,PIST,Sub,36,508,437,631,1.73,-4.92,5.21,160.63,2,45.5583352,-84.695688,,,,,,,,,
T2,Treatment,504,7.89,44,PIST,Sub,9,517,441,636,1.88,-4.96,5.3,159.24,-1,45.5583348,-84.6956861,,,,,,,,,
T2,Treatment,504,7.89,45,PIST,Sub,40,513,399,599,2.67,-4.24,5.01,147.8,2,45.5583411,-84.6956757,,,,,,,,,
T2,Treatment,504,7.89,46,ACRU,Sub,58,321,188,388,1.77,-2.32,2.92,142.78,4,45.5583585,-84.6956866,,,,,,,,,
T2,Treatment,504,7.89,47,ACRU,Can,258,326,194,392,1.81,-2.24,2.88,141.03,-6,45.5583593,-84.695686,,,,,,,,,
T2,Treatment,504,7.89,48,ACRU,Can,99,569,372,507,4.74,-0.66,4.78,97.91,4,45.5583727,-84.6956479,,,,,,,,,
T2,Treatment,504,7.89,49,ACRU,Can,76,563,365,486,4.68,-0.23,4.68,92.81,-2,45.5583766,-84.6956485,,,,,,,,,
T2,Treatment,504,7.89,50,PIST,Sub,22,508,310,450,4.15,-0.7,4.21,99.55,4,45.5583725,-84.6956555,,,,,,,,,
T2,Treatment,504,7.89,51,PIST,Sub,23,379,185,360,2.83,-1.15,3.05,112.11,-1,45.5583688,-84.6956725,,,,,,,,,
T2,Treatment,504,7.89,52,PIST,Sub,31,395,199,326,3.01,-0.19,3.01,93.59,-7,45.5583774,-84.6956699,,,,,,,,,
T2,Treatment,504,7.89,53,PIST,Sub,9,461,265,389,3.69,-0.21,3.7,93.25,4,45.5583771,-84.6956612,,,,,,,,,
T2,Treatment,504,7.89,54,PIST,Sub,27,302,122,220,2,0.22,2.01,83.75,5,45.5583813,-84.6956826,,,,,,,,,
T2,Treatment,504,7.89,55,PIST,Sub,10,601,434,454,4.47,2.11,4.95,64.71,-9,45.5583977,-84.6956503,,,,,,,,,
T2,Treatment,504,7.89,56,PIST,Sub,20,513,331,392,3.95,1.04,4.09,75.22,-7,45.5583882,-84.6956574,,,,,,,,,
T2,Treatment,504,7.89,57,PIST,Sub,16,467,296,336,3.4,1.25,3.62,69.83,-8,45.5583902,-84.6956644,,,,,,,,,
T3,Treatment,505,7.89,1,PIST,Sub,25,168,239,73,-0.8,1.1,1.36,323.97,2,45.5585703,-84.6955792,,,,,,,,,
T3,Treatment,505,7.89,2,QURU,Can,292,166,243,93,-0.99,0.89,1.33,311.96,2,45.5585684,-84.6955817,,,,,,,,,
T3,Treatment,505,7.89,3,QURU,Can,269,122,233,130,-1.16,0.43,1.24,290.18,7,45.5585643,-84.695584,,,,,,,,,
T3,Treatment,505,7.89,4,PIST,Sub,56,504,458,308,1.1,4.06,4.21,15.16,1,45.5585964,-84.6955538,,,,,,,,,
T3,Treatment,505,7.89,5,ACRU,Sub,58,550,427,365,3,3.26,4.43,42.63,-4,45.5585887,-84.6955297,,,,,,,,,
T3,Treatment,505,7.89,6,PIST,Sub,37,361,515,344,-3.34,2.23,4.01,303.73,11,45.5585811,-84.6956112,,,,,,,,,
T3,Treatment,505,7.89,7,PIST,Can,83,611,799,655,-6.51,2.09,6.84,287.77,3,45.5585806,-84.6956519,,,,,,,,,
T3,Treatment,505,7.89,8,PIST,Sub,26,476,662,522,-5.25,1.65,5.5,287.48,5,45.5585764,-84.6956359,,,,,,,,,
T3,Treatment,505,7.89,9,PIST,Sub,8,498,692,588,-5.91,0.51,5.93,274.92,4,45.5585663,-84.6956448,,,,,,,,,
T3,Treatment,505,7.89,10,PIST,Sub,31,392,591,537,-4.9,-1.15,5.04,256.79,7,45.5585511,-84.6956325,,,,,,,,,
T3,Treatment,505,7.89,11,QURU,Can,238,267,464,376,-3.55,-0.1,3.55,268.39,0,45.5585602,-84.6956148,,,,,,,,,
T3,Treatment,505,7.89,12,QURU,Can,386,255,454,428,-3.24,-1.53,3.58,244.72,-2,45.5585473,-84.6956114,,,,,,,,,
T3,Treatment,505,7.89,13,FAGR,Sub,39,429,548,629,-2.88,-4.48,5.33,212.68,-3,45.5585206,-84.6956078,,,,,,,,,
T3,Treatment,505,7.89,14,PIST,Sub,61,427,515,621,-2.03,-4.76,5.18,203.05,3,45.5585178,-84.695597,,,,,,,,,
T3,Treatment,505,7.89,15,FAGR,Sub,39,401,411,583,-0.14,-4.59,4.59,181.75,-2,45.5585189,-84.6955728,,,,,,,,,
T3,Treatment,505,7.89,16,QURU,Can,256,286,312,452,-0.21,-3.33,3.33,183.61,3,45.5585303,-84.6955732,,,,,,,,,
T3,Treatment,505,7.89,17,ACRU,Can,127,204,207,351,0.08,-2.37,2.37,178.07,1,45.5585388,-84.6955692,,,,,,,,,
T3,Treatment,505,7.89,18,ACRU,Can,98,160,282,355,-1.28,-2.2,2.54,210.19,3,45.5585407,-84.6955865,,,,,,,,,
T3,Treatment,505,7.89,19,PIST,Sub,49,59,165,220,-0.55,-1.05,1.19,207.42,6,45.5585508,-84.6955767,,,,,,,,,
T3,Treatment,505,7.89,20,ACRU,Sub,35,646,443,561,5.49,-0.21,5.49,92.19,-4,45.5585569,-84.6954992,,,,,,,,,
T3,Treatment,505,7.89,21,ACRU,Sub,42,667,465,597,5.7,-0.7,5.74,96.99,3,45.5585524,-84.6954966,,,,,,,,,
T3,Treatment,505,7.89,22,ACRU,Can,126,544,345,504,4.41,-1.25,4.58,105.83,-1,45.5585478,-84.6955133,,,,,,,,,
T3,Treatment,505,7.89,23,ACRU,Can,140,567,365,515,4.65,-1,4.76,102.14,1,45.55855,-84.6955102,,,,,,,,,
T3,Treatment,505,7.89,24,QURU,Can,166,574,373,515,4.73,-0.77,4.79,99.25,1,45.558552,-84.6955091,,,,,,,,,
T3,Treatment,505,7.89,25,QURU,Can,192,592,390,516,4.89,-0.31,4.9,93.62,-3,45.5585561,-84.6955068,,,,,,,,,
T3,Treatment,505,7.89,26,ACRU,Sub,56,525,323,463,4.28,-0.66,4.33,98.77,2,45.5585531,-84.6955148,,,,,,,,,
T4,Treatment,507,7.89,1,QURU,Can,349,254,73,224,1.59,-0.06,1.6,92.15,5,45.5586628,-84.6953791,,,,,,,,,
T4,Treatment,507,7.89,2,PIST,Sub,16,272,78,236,1.82,-0.37,1.86,101.43,5,45.5586599,-84.6953763,,,,,,,,,
T4,Treatment,507,7.89,3,PIST,Sub,14,223,26,207,1.33,-0.47,1.41,109.46,2,45.5586592,-84.6953826,,,,,,,,,
T4,Treatment,507,7.89,4,ACRU,Sub,40,461,294,318,3.19,1.48,3.51,65.11,3,45.5586762,-84.6953581,,,,,,,,,
T4,Treatment,507,7.89,5,QURU,Can,368,474,319,321,2.94,1.91,3.51,56.94,-5,45.5586802,-84.6953611,,,,,,,,,
T4,Treatment,507,7.89,6,ACRU,Can,117,665,549,483,3.68,4.24,5.62,40.95,10,45.558701,-84.6953508,,,,,,,,,
T4,Treatment,507,7.89,7,ACRU,Can,144,695,586,515,3.75,4.6,5.94,39.15,6,45.5587042,-84.6953498,,,,,,,,,
T4,Treatment,507,7.89,8,PIST,Sub,20,671,605,481,2.31,5.41,5.88,23.12,-2,45.5587118,-84.6953679,,,,,,,,,
T4,Treatment,507,7.89,9,PIST,Sub,17,579,482,386,2.66,4.03,4.83,33.43,1,45.5586993,-84.6953639,,,,,,,,,
T4,Treatment,507,7.89,10,PIST,Sub,8,530,435,337,2.36,3.62,4.32,33.1,0,45.5586957,-84.6953679,,,,,,,,,
T4,Treatment,507,7.89,11,PIST,Sub,12,519,431,323,2.13,3.65,4.23,30.2,-3,45.5586961,-84.6953709,,,,,,,,,
T4,Treatment,507,7.89,12,PIST,Sub,25,475,369,289,2.33,2.94,3.75,38.4,-1,45.5586896,-84.6953686,,,,,,,,,
T4,Treatment,507,7.89,13,PIST,Sub,39,346,264,156,1.26,2.12,2.47,30.72,1,45.5586825,-84.6953826,,,,,,,,,
T4,Treatment,507,7.89,14,PIST,Sub,45,758,702,561,2.06,6.42,6.74,17.76,-3,45.558721,-84.6953708,,,,,,,,,
T4,Treatment,507,7.89,15,PIST,Sub,47,494,463,298,0.69,4.1,4.16,9.55,-1,45.5587004,-84.6953891,,,,,,,,,
T4,Treatment,507,7.89,16,PIST,Sub,48,438,464,268,-0.62,3.81,3.86,350.78,-3,45.5586982,-84.695406,,,,,,,,,
T4,Treatment,507,7.89,17,PIST,Sub,29,381,394,200,-0.28,3.2,3.21,355,2,45.5586926,-84.6954019,,,,,,,,,
T4,Treatment,507,7.89,18,PIST,Sub,39,436,498,297,-1.49,3.78,4.06,338.49,0,45.5586981,-84.6954172,,,,,,,,,
T4,Treatment,507,7.89,19,PIST,Sub,52,381,479,287,-2.21,3.06,3.77,324.16,2,45.5586918,-84.6954266,,,,,,,,,
T4,Treatment,507,7.89,20,ACRU,Sub,63,254,367,184,-1.77,1.87,2.57,316.57,-2,45.558681,-84.6954214,,,,,,,,,
T4,Treatment,507,7.89,21,ACRU,Can,146,227,321,139,-1.37,1.61,2.11,319.6,4,45.5586785,-84.6954164,,,,,,,,,
T4,Treatment,507,7.89,22,QURU,Can,223,246,383,221,-2.21,1.45,2.65,303.33,-5,45.5586774,-84.6954272,,,,,,,,,
T4,Treatment,507,7.89,23,FAGR,Sub,52,424,609,480,-4.85,1.26,5.01,284.56,1,45.5586763,-84.6954611,,,,,,,,,
T4,Treatment,507,7.89,24,FAGR,Sub,49,328,517,402,-4.05,0.68,4.1,279.49,6,45.5586709,-84.695451,,,,,,,,,
T4,Treatment,507,7.89,25,FAGR,Can,86,371,565,461,-4.59,0.4,4.6,274.98,2,45.5586685,-84.695458,,,,,,,,,
T4,Treatment,507,7.89,26,PIST,Can,149,176,365,364,-2.47,-1.52,2.9,238.39,0,45.5586507,-84.6954316,,,,,,,,,
T4,Treatment,507,7.89,27,PIST,Sub,20,269,348,461,-1.19,-3.33,3.54,199.61,-4,45.5586341,-84.6954159,,,,,,,,,
T4,Treatment,507,7.89,28,FAGR,Can,93,220,143,315,0.78,-1.96,2.11,158.25,-9,45.5586459,-84.6953902,,,,,,,,,
T4,Treatment,507,7.89,29,PIST,Sub,17,444,471,622,-0.58,-5.07,5.1,186.51,-4,45.5586183,-84.6954087,,,,,,,,,
T4,Treatment,507,7.89,30,PIST,Sub,5,567,540,713,0.75,-5.96,6.01,172.83,-1,45.5586099,-84.6953921,,,,,,,,,
T4,Treatment,507,7.89,31,PIST,Sub,8,476,453,626,0.57,-5.12,5.15,173.65,0,45.5586175,-84.6953941,,,,,,,,,
T4,Treatment,507,7.89,32,ACRU,Can,128,476,443,621,0.86,-4.99,5.06,170.26,5,45.5586186,-84.6953903,,,,,,,,,
T4,Treatment,507,7.89,33,ACRU,Can,110,497,454,632,1.12,-5.1,5.22,167.66,5,45.5586176,-84.6953871,,,,,,,,,
T4,Treatment,507,7.89,34,PIST,Sub,49,446,292,492,2.91,-2.83,4.06,134.2,-4,45.5586375,-84.6953632,,,,,,,,,
T4,Treatment,507,7.89,35,PIST,Sub,18,559,380,571,4.21,-2.75,5.03,123.15,1,45.5586379,-84.6953466,,,,,,,,,
T4,Treatment,507,7.89,36,PIST,Sub,23,531,348,537,4.02,-2.43,4.7,121.15,0,45.5586408,-84.6953489,,,,,,,,,
T4,Treatment,507,7.89,37,PIST,Sub,31,607,420,600,4.82,-2.48,5.42,117.23,1,45.5586402,-84.6953387,,,,,,,,,
T4,Treatment,507,7.89,38,PIST,Sub,36,668,475,637,5.59,-1.98,5.93,109.5,-1,45.5586445,-84.6953286,,,,,,,,,
T4,Treatment,507,7.89,39,PIST,Sub,79,749,552,700,6.46,-1.58,6.65,103.74,1,45.5586479,-84.6953174,,,,,,,,,
T4,Treatment,507,7.89,40,ACRU,Sub,48,898,699,832,8.01,-1.23,8.1,98.73,2,45.5586506,-84.6952974,,,,,,,,,
T4,Treatment,507,7.89,41,ACRU,Sub,39,861,665,799,7.64,-1.29,7.75,99.56,8,45.5586502,-84.6953021,,,,,,,,,
T4,Treatment,507,7.89,42,PIST,Sub,76,810,611,737,7.14,-0.72,7.18,95.73,5,45.5586554,-84.6953083,,,,,,,,,
T4,Treatment,507,7.89,43,PIST,Sub,76,703,513,563,5.62,1.78,5.89,72.43,1,45.5586783,-84.6953269,,,,,,,,,
T4,Treatment,507,7.89,44,PIST,Sub,20,576,378,434,4.41,1.26,4.58,74.09,4,45.5586739,-84.6953426,,,,,,,,,
T4,Treatment,507,7.89,45,PIST,Sub,26,660,451,529,5.34,0.95,5.43,79.93,3,45.5586709,-84.6953307,,,,,,,,,
C3,Control,500,7.6,1,PIST,Sub,64,479,278,403,3.81,-0.21,3.81,93.15,-2,45.5586565,-84.6957308,,,,,,,,,
C3,Control,500,7.6,2,PIST,Sub,34,528,369,366,3.56,2.18,4.17,58.52,-3,45.5586781,-84.6957332,,,,,,,,,
C3,Control,500,7.6,3,PIST,Sub,58,745,606,556,4.58,4.39,6.34,46.21,-1,45.5586977,-84.6957193,,,,,,,,,
C3,Control,500,7.6,4,QURU,Can,209,536,417,342,2.61,3.29,4.19,38.43,-3,45.5586883,-84.6957449,,,,,,,,,
C3,Control,500,7.6,5,PIST,Sub,38,683,631,483,1.61,5.76,5.98,15.63,-6,45.5587108,-84.6957568,,,,,,,,,
C3,Control,500,7.6,6,PIST,Sub,44,501,548,342,-1.14,4.45,4.59,345.66,-4,45.5586997,-84.6957924,,,,,,,,,
C3,Control,500,7.6,7,PIST,Sub,29,614,685,483,-2.31,5.45,5.92,337.07,-3,45.5587091,-84.695807,,,,,,,,,
C3,Control,500,7.6,8,PIST,Sub,18,394,467,268,-1.64,3.35,3.73,333.98,-4,45.55869,-84.6957992,,,,,,,,,
C3,Control,500,7.6,9,PIST,Sub,46,257,307,108,-0.77,2.01,2.15,339.04,-4,45.5586776,-84.6957886,,,,,,,,,
C3,Control,500,7.6,10,PIST,Sub,46,225,326,148,-1.45,1.65,2.2,318.67,-6,45.5586746,-84.6957975,,,,,,,,,
C3,Control,500,7.6,11,ACRU,Can,180,144,279,158,-1.54,0.64,1.67,292.44,-5,45.5586655,-84.695799,,,,,,,,,
C3,Control,500,7.6,12,ACRU,Sub,46,141,239,103,-1.04,0.82,1.32,308.25,-1,45.5586671,-84.6957925,,,,,,,,,
C3,Control,500,7.6,13,PIST,Sub,76,303,473,330,-3.34,1.36,3.6,292.16,2,45.5586725,-84.6958217,,,,,,,,,
C3,Control,500,7.6,14,PIST,Can,88,374,575,507,-4.75,-0.73,4.8,261.28,-4,45.5586541,-84.6958406,,,,,,,,,
C3,Control,500,7.6,15,POGR,Can,298,304,485,499,-3.31,-2.47,4.12,233.27,-3,45.5586381,-84.6958227,,,,,,,,,
C3,Control,500,7.6,16,POGR,Can,249,210,299,401,-0.95,-2.69,2.85,199.57,-6,45.5586355,-84.6957927,,,,,,,,,
C3,Control,500,7.6,17,ACRU,Sub,76,105,263,309,-1.42,-1.6,2.13,221.59,-4,45.5586454,-84.6957982,,,,,,,,,
C3,Control,500,7.6,18,PIST,Can,100,344,330,496,0.32,-3.79,3.8,175.2,-6,45.5586253,-84.6957768,,,,,,,,,
C3,Control,500,7.6,19,PIST,Sub,64,478,356,557,2.62,-3.76,4.59,145.1,-4,45.5586249,-84.6957473,,,,,,,,,
C3,Control,500,7.6,20,POGR,Can,356,554,413,614,3.49,-3.72,5.1,136.82,-4,45.558625,-84.6957362,,,,,,,,,
C3,Control,500,7.6,21,QURU,Sub,246,200,179,30,0.11,1.01,1.02,6.22,-2,45.5586685,-84.6957777,,,,,,,,,
C2,Control,501,7.6,1,QURU,Can,161,184,237,65,-0.73,1.15,1.36,327.59,-3,45.5585087,-84.6960032,,,,,,,,,
C2,Control,501,7.6,2,POGR,Can,337,239,296,41,-0.3,1.46,1.49,348.39,1,45.5585114,-84.6959976,,,,,,,,,
C2,Control,501,7.6,3,POGR,Can,318,172,158,61,0.03,0.59,0.59,2.86,-10,45.5585035,-84.6959937,,,,,,,,,
C2,Control,501,7.6,4,PIRE,Can,171,99,114,190,0.06,-0.78,0.78,175.6,0,45.5584911,-84.6959938,,,,,,,,,
C2,Control,501,7.6,5,PIRE,Can,132,210,388,272,-2.7,0.57,2.76,281.95,-10,45.558504,-84.6960286,,,,,,,,,
C2,Control,501,7.6,6,PIRE,Can,115,383,570,449,-4.51,0.92,4.6,281.48,-5,45.5585076,-84.6960517,,,,,,,,,
C2,Control,501,7.6,7,ACRU,Can,136,458,660,586,-5.58,-0.71,5.62,262.75,1,45.5584932,-84.6960659,,,,,,,,,
C2,Control,501,7.6,8,ACRU,Can,141,409,610,532,-5.07,-0.51,5.1,264.28,-5,45.5584949,-84.6960594,,,,,,,,,
C2,Control,501,7.6,9,ACRU,Sub,75,452,651,565,-5.51,-0.23,5.51,267.62,-5,45.5584975,-84.6960649,,,,,,,,,
C2,Control,501,7.6,10,QURU,Can,209,435,639,582,-5.26,-1.31,5.42,255.96,-5,45.5584877,-84.6960621,,,,,,,,,
C2,Control,501,7.6,11,PIST,Sub,47,286,485,465,-3.69,-1.7,4.06,245.2,-5,45.5584838,-84.6960421,,,,,,,,,
C2,Control,501,7.6,12,PIST,Sub,8,238,435,417,-3.26,-1.51,3.59,245.07,-5,45.5584854,-84.6960365,,,,,,,,,
C2,Control,501,7.6,13,PIST,Sub,38,118,312,308,-2.04,-1.18,2.36,239.99,-7,45.5584881,-84.6960209,,,,,,,,,
C2,Control,501,7.6,14,PIRE,Sub,49,255,368,455,-1.73,-3.06,3.52,209.54,-5,45.5584711,-84.6960176,,,,,,,,,
C2,Control,501,7.6,15,PIRE,Sub,73,435,366,558,1.47,-4.21,4.46,160.79,-4,45.5584599,-84.695977,,,,,,,,,
C2,Control,501,7.6,16,PIST,Sub,16,361,284,476,1.3,-3.44,3.68,159.35,-4,45.5584669,-84.6959789,,,,,,,,,
C2,Control,501,7.6,17,PIST,Sub,69,245,61,192,1.46,-0.06,1.46,92.35,-1,45.5584972,-84.6959756,,,,,,,,,
C2,Control,501,7.6,18,POGR,Can,295,806,612,697,6.86,0.97,6.93,81.99,-5,45.5585051,-84.695906,,,,,,,,,
C2,Control,501,7.6,19,PIST,Sub,30,507,361,346,3.3,2.28,4.01,55.32,-5,45.5585178,-84.6959512,,,,,,,,,
C2,Control,501,7.6,20,PIST,Sub,12,621,581,426,1.13,5.3,5.42,12.08,-12,45.5585456,-84.6959778,,,,,,,,,
C2,Control,501,7.6,21,FAGR,Sub,16,653,604,453,1.48,5.51,5.7,15,-8,45.5585473,-84.6959733,,,,,,,,,
C2,Control,501,7.6,22,PIRE,Sub,74,601,559,401,1.11,5.04,5.16,12.4,-3,45.5585432,-84.6959782,,,,,,,,,
C2,Control,501,7.6,23,PIST,Sub,17,521,473,320,1.14,4.21,4.37,15.12,-3,45.5585358,-84.6959781,,,,,,,,,
C2,Control,501,7.6,24,PIST,Can,109,543,552,362,-0.31,4.78,4.79,356.29,0,45.5585412,-84.6959965,,,,,,,,,
C2,Control,501,7.6,25,POGR,Can,186,411,526,336,-2.74,3.08,4.13,318.32,-6,45.5585266,-84.6960283,,,,,,,,,
C2,Control,501,7.6,26,PIST,Can,88,358,450,250,-1.86,2.91,3.45,327.41,1,45.5585248,-84.696017,,,,,,,,,
C2,Control,501,7.6,27,PIST,Sub,48,408,554,379,-3.54,2.65,4.42,306.82,0,45.5585229,-84.6960386,,,,,,,,,
C1,Control,503,7.89,1,QURU,Can,277,46,188,218,-0.6,-1.03,1.19,210.39,-8,45.5581642,-84.6959878,,,,,,,,,
C1,Control,503,7.89,2,PIST,Sub,76,446,330,259,2.19,2.56,3.37,40.56,-4,45.5581958,-84.6959506,,,,,,,,,
C1,Control,503,7.89,3,PIRE,Sub,18,434,302,259,2.43,2.17,3.25,48.22,-6,45.5581922,-84.6959478,,,,,,,,,
C1,Control,503,7.89,4,PIST,Sub,27,468,287,471,3.51,-2.05,4.07,120.28,-11,45.558154,-84.6959354,,,,,,,,,
C1,Control,503,7.89,5,PIRE,Can,169,420,317,515,2,-3.55,4.07,150.6,-1,45.5581409,-84.6959554,,,,,,,,,
C1,Control,503,7.89,6,FAGR,Sub,9,311,266,439,0.7,-3.25,3.33,167.88,-4,45.5581439,-84.6959719,,,,,,,,,
C1,Control,503,7.89,7,PIST,Sub,33,190,195,331,0.01,-2.26,2.26,179.75,-8,45.558153,-84.6959804,,,,,,,,,
C1,Control,503,7.89,8,PIST,Sub,34,74,201,256,-0.85,-1.37,1.61,211.82,-1,45.5581612,-84.6959911,,,,,,,,,
C1,Control,503,7.89,9,PIRE,Can,137,680,664,835,0.64,-7.2,7.23,174.92,-1,45.5581084,-84.6959741,,,,,,,,,
C1,Control,503,7.89,10,PIRE,Can,218,555,605,740,-1.32,-6.1,6.24,192.21,-10,45.5581188,-84.6959988,,,,,,,,,
C1,Control,503,7.89,11,PIST,Sub,28,348,434,538,-1.68,-4.03,4.36,202.58,-4,45.5581375,-84.6960026,,,,,,,,,
C1,Control,503,7.89,12,PIRE,Can,178,251,352,447,-1.4,-3.05,3.36,204.74,-5,45.5581463,-84.6959988,,,,,,,,,
C1,Control,503,7.89,13,PIST,Sub,40,251,408,454,-2.57,-2.61,3.66,224.56,-6,45.5581506,-84.6960135,,,,,,,,,
C1,Control,503,7.89,14,PIRE,Can,146,373,520,576,-3.16,-3.64,4.82,220.97,-5,45.5581414,-84.6960214,,,,,,,,,
C1,Control,503,7.89,15,PIST,Sub,24,382,538,585,-3.52,-3.52,4.98,225,0,45.5581426,-84.696026,,,,,,,,,
C1,Control,503,7.89,16,PIST,Sub,35,456,628,652,-4.56,-3.53,5.76,232.26,-2,45.5581428,-84.6960393,,,,,,,,,
C1,Control,503,7.89,17,PIST,Sub,24,369,559,547,-4.36,-2.19,4.88,243.28,-4,45.5581547,-84.6960363,,,,,,,,,
C1,Control,503,7.89,18,PIST,Sub,41,313,503,393,-3.93,0.58,3.97,278.33,-7,45.5581795,-84.6960298,,,,,,,,,
C1,Control,503,7.89,19,PIRE,Sub,55,205,388,279,-2.76,0.49,2.8,280.07,0,45.5581785,-84.6960148,,,,,,,,,
C1,Control,503,7.89,20,PIST,Sub,8,77,245,175,-1.44,0.06,1.44,272.39,-4,45.5581742,-84.695998,,,,,,,,,
C1,Control,503,7.89,21,PIST,Sub,53,146,173,76,-0.4,0.52,0.65,322.43,-4,45.5581781,-84.6959846,,,,,,,,,
C1,Control,503,7.89,22,PIST,Sub,47,402,570,418,-4.16,1.96,4.6,295.23,-6,45.558192,-84.6960322,,,,,,,,,
C1,Control,503,7.89,23,POGR,Can,303,329,470,300,-2.86,1.96,3.47,304.42,0,45.5581917,-84.6960156,,,,,,,,,
C1,Control,503,7.89,24,POGR,Can,307,607,719,525,-3.81,4.66,6.03,320.72,-3,45.5582163,-84.6960268,,,,,,,,,
C1,Control,503,7.89,25,PIRE,Can,142,629,717,516,-3.01,5.36,6.15,330.73,-3,45.5582223,-84.6960162,,,,,,,,,
C1,Control,503,7.89,26,ACRU,Can,150,391,427,229,-0.82,3.3,3.4,345.96,-7,45.5582032,-84.695989,,,,,,,,,
C4,Control,706,7.89,1,PIST,Sub,20,237,92,160,1.35,0.34,1.39,75.86,4,45.5588706,-84.6955552,,,,,,,,,
C4,Control,706,7.89,2,FAGR,Sub,45,191,92,116,0.76,0.37,0.84,64.04,4,45.5588711,-84.6955627,,,,,,,,,
C4,Control,706,7.89,3,QURU,Can,308,217,128,124,0.89,0.75,1.16,49.82,9,45.5588745,-84.6955609,,,,,,,,,
C4,Control,706,7.89,4,QURU,Can,199,203,172,55,0.38,0.99,1.06,21,4,45.5588767,-84.6955674,,,,,,,,,
C4,Control,706,7.89,5,FAGR,Sub,45,280,175,118,1.19,1.24,1.72,43.82,3,45.5588788,-84.6955569,,,,,,,,,
C4,Control,706,7.89,6,FAGR,Sub,56,266,181,100,0.98,1.3,1.63,37.01,-1,45.5588794,-84.6955595,,,,,,,,,
C4,Control,706,7.89,7,PIST,Sub,64,471,319,296,2.84,2.12,3.54,53.26,2,45.5588863,-84.6955354,,,,,,,,,
C4,Control,706,7.89,8,POGR,Can,334,768,675,565,3.04,5.8,6.55,27.7,-4,45.5589193,-84.6955315,,,,,,,,,
C4,Control,706,7.89,9,POGR,Can,280,547,509,350,0.82,4.49,4.56,10.35,1,45.5589081,-84.6955604,,,,,,,,,
C4,Control,706,7.89,10,PIST,Sub,56,380,322,181,0.99,2.71,2.88,20.07,1,45.558892,-84.6955589,,,,,,,,,
C4,Control,706,7.89,11,PIST,Sub,47,480,464,289,0.33,4.06,4.08,4.64,3,45.5589044,-84.6955669,,,,,,,,,
C4,Control,706,7.89,12,PIST,Sub,26,479,543,339,-1.61,4.21,4.51,339.12,-3,45.5589063,-84.6955916,,,,,,,,,
C4,Control,706,7.89,13,PIST,Can,97,381,428,226,-0.98,3.24,3.38,343.17,3,45.5588973,-84.6955839,,,,,,,,,
C4,Control,706,7.89,14,PIST,Sub,54,544,664,469,-3.61,4.22,5.55,319.52,-3,45.5589069,-84.6956172,,,,,,,,,
C4,Control,706,7.89,15,PIST,Sub,31,322,436,251,-2.23,2.43,3.29,317.45,6,45.5588903,-84.6956002,,,,,,,,,
C4,Control,706,7.89,16,PIST,Sub,49,181,310,158,-1.65,1.12,1.99,304.17,1,45.5588784,-84.6955933,,,,,,,,,
C4,Control,706,7.89,17,PIST,Sub,31,413,577,419,-4.12,2.18,4.66,297.83,3,45.5588886,-84.6956246,,,,,,,,,
C4,Control,706,7.89,18,PIST,Can,115,506,694,556,-5.57,1.6,5.79,286,4,45.5588837,-84.6956432,,,,,,,,,
C4,Control,706,7.89,19,PIST,Sub,24,432,618,495,-5,1.11,5.13,282.54,10,45.5588792,-84.6956362,,,,,,,,,
C4,Control,706,7.89,20,PIRE,Sub,13,232,427,335,-3.25,0.12,3.25,272.11,0,45.5588699,-84.6956141,,,,,,,,,
C4,Control,706,7.89,21,PIST,Sub,11,201,395,308,-2.94,0.06,2.94,271.17,-4,45.5588692,-84.6956102,,,,,,,,,
C4,Control,706,7.89,22,PIST,Sub,20,141,343,294,-2.45,-0.57,2.51,256.9,2,45.5588634,-84.6956041,,,,,,,,,
C4,Control,706,7.89,23,PIST,Sub,6,224,405,413,-2.87,-1.89,3.44,236.63,0,45.5588517,-84.69561,,,,,,,,,
C4,Control,706,7.89,24,PIRE,Sub,13,131,270,331,-1.39,-1.9,2.35,216.19,1,45.5588512,-84.6955911,,,,,,,,,
C4,Control,706,7.89,25,PIST,Sub,18,198,286,387,-1.04,-2.63,2.83,201.58,-1,45.5588446,-84.6955868,,,,,,,,,
C4,Control,706,7.89,26,PIST,Sub,22,200,263,380,-0.71,-2.61,2.7,195.16,-5,45.5588446,-84.6955826,,,,,,,,,
C4,Control,706,7.89,27,PIST,Sub,13,301,354,481,-0.84,-3.63,3.73,192.99,4,45.5588355,-84.6955846,,,,,,,,,
C4,Control,706,7.89,28,PIST,Sub,7,363,441,555,-1.55,-4.23,4.5,200.12,-1,45.5588303,-84.695594,,,,,,,,,
C4,Control,706,7.89,29,PIST,Sub,39,357,382,523,-0.4,-4.15,4.17,185.51,1,45.5588307,-84.6955792,,,,,,,,,
C4,Control,706,7.89,30,PIST,Sub,7,384,408,537,-0.44,-4.39,4.42,185.7,5,45.5588285,-84.6955798,,,,,,,,,
C4,Control,706,7.89,31,PIST,Sub,71,380,291,480,1.57,-3.43,3.77,155.47,4,45.5588367,-84.6955538,,,,,,,,,
C4,Control,706,7.89,32,POGR,Can,447,190,159,305,0.5,-1.79,1.86,164.39,3,45.5588517,-84.6955668,,,,,,,,,
C4,Control,706,7.89,33,POGR,Can,325,294,177,372,1.5,-2.12,2.59,144.72,-3,45.5588485,-84.6955542,,,,,,,,,
,,,,,,,,,,,,,,,,,,,,,,,,,,
,,,,,,,,,,,,,,,,,,,,,,,,,,
,,,,,,,,,,,,,,,,,,,,,,,,,,
,,,,,,,,,,,,,,,,,,,,,,,,,,
,,,,,,,,,,,,,,,,,,,,,,,,,,
,,,,,,,,,,,,,,,,,,,,,,,,,,
,,,,,,,,,,,,,,,,,,,,,,,,,,
,,,,,,,,,,,,,,,,,,,,,,,,,,
,,,,,,,,,,,,,,,,,,,,,,,,,,
,,,,,,,,,,,,,,,,,,,,,,,,,,
,,,,,,,,,,,,,,,,,,,,,,,,,,
,,,,,,,,,,,,,,,,,,,,,,,,,,
,,,,,,,,,,,,,,,,,,,,,,,,,,
,,,,,,,,,,,,,,,,,,,,,,,,,,
,,,,,,,,,,,,,,,,,,,,,,,,,,
,,,,,,,,,,,,,,,,,,,,,,,,,,
,,,,,,,,,,,,,,,,,,,,,,,,,,
,,,,,,,,,,,,,,,,,,,,,,,,,,
,,,,,,,,,,,,,,,,,,,,,,,,,,
,,,,,,,,,,,,,,,,,,,,,,,,,,
,,,,,,,,,,,,,,,,,,,,,,,,,,
,,,,,,,,,,,,,,,,,,,,,,,,,,
,,,,,,,,,,,,,,,,,,,,,,,,,,
,,,,,,,,,,,,,,,,,,,,,,,,,,
,,,,,,,,,,,,,,,,,,,,,,,,,,
,,,,,,,,,,,,,,,,,,,,,,,,,,
,,,,,,,,,,,,,,,,,,,,,,,,,,
,,,,,,,,,,,,,,,,,,,,,,,,,,
,,,,,,,,,,,,,,,,,,,,,,,,,,
,,,,,,,,,,,,,,,,,,,,,,,,,,
,,,,,,,,,,,,,,,,,,,,,,,,,,
,,,,,,,,,,,,,,,,,,,,,,,,,,
,,,,,,,,,,,,,,,,,,,,,,,,,,
,,,,,,,,,,,,,,,,,,,,,,,,,,
,,,,,,,,,,,,,,,,,,,,,,,,,,
,,,,,,,,,,,,,,,,,,,,,,,,,,
,,,,,,,,,,,,,,,,,,,,,,,,,,
,,,,,,,,,,,,,,,,,,,,,,,,,,
,,,,,,,,,,,,,,,,,,,,,,,,,,
,,,,,,,,,,,,,,,,,,,,,,,,,,
,,,,,,,,,,,,,,,,,,,,,,,,,,
,,,,,,,,,,,,,,,,,,,,,,,,,,
,,,,,,,,,,,,,,,,,,,,,,,,,,
,,,,,,,,,,,,,,,,,,,,,,,,,,
,,,,,,,,,,,,,,,,,,,,,,,,,,
,,,,,,,,,,,,,,,,,,,,,,,,,,
,,,,,,,,,,,,,,,,,,,,,,,,,,
,,,,,,,,,,,,,,,,,,,,,,,,,,
,,,,,,,,,,,,,,,,,,,,,,,,,,
,,,,,,,,,,,,,,,,,,,,,,,,,,
,,,,,,,,,,,,,,,,,,,,,,,,,,
,,,,,,,,,,,,,,,,,,,,,,,,,,
,,,,,,,,,,,,,,,,,,,,,,,,,,
,,,,,,,,,,,,,,,,,,,,,,,,,,
,,,,,,,,,,,,,,,,,,,,,,,,,,
,,,,,,,,,,,,,,,,,,,,,,,,,,
,,,,,,,,,,,,,,,,,,,,,,,,,,
,,,,,,,,,,,,,,,,,,,,,,,,,,
,,,,,,,,,,,,,,,,,,,,,,,,,,
,,,,,,,,,,,,,,,,,,,,,,,,,,
,,,,,,,,,,,,,,,,,,,,,,,,,,
,,,,,,,,,,,,,,,,,,,,,,,,,,
,,,,,,,,,,,,,,,,,,,,,,,,,,
,,,,,,,,,,,,,,,,,,,,,,,,,,
,,,,,,,,,,,,,,,,,,,,,,,,,,
,,,,,,,,,,,,,,,,,,,,,,,,,,
,,,,,,,,,,,,,,,,,,,,,,,,,,
,,,,,,,,,,,,,,,,,,,,,,,,,,
,,,,,,,,,,,,,,,,,,,,,,,,,,
,,,,,,,,,,,,,,,,,,,,,,,,,,
,,,,,,,,,,,,,,,,,,,,,,,,,,
,,,,,,,,,,,,,,,,,,,,,,,,,,
,,,,,,,,,,,,,,,,,,,,,,,,,,
,,,,,,,,,,,,,,,,,,,,,,,,,,
,,,,,,,,,,,,,,,,,,,,,,,,,,
,,,,,,,,,,,,,,,,,,,,,,,,,,
,,,,,,,,,,,,,,,,,,,,,,,,,,
,,,,,,,,,,,,,,,,,,,,,,,,,,
,,,,,,,,,,,,,,,,,,,,,,,,,,
,,,,,,,,,,,,,,,,,,,,,,,,,,
,,,,,,,,,,,,,,,,,,,,,,,,,,
,,,,,,,,,,,,,,,,,,,,,,,,,,
,,,,,,,,,,,,,,,,,,,,,,,,,,
,,,,,,,,,,,,,,,,,,,,,,,,,,
,,,,,,,,,,,,,,,,,,,,,,,,,,
,,,,,,,,,,,,,,,,,,,,,,,,,,
,,,,,,,,,,,,,,,,,,,,,,,,,,
,,,,,,,,,,,,,,,,,,,,,,,,,,
,,,,,,,,,,,,,,,,,,,,,,,,,,
,,,,,,,,,,,,,,,,,,,,,,,,,,
,,,,,,,,,,,,,,,,,,,,,,,,,,
,,,,,,,,,,,,,,,,,,,,,,,,,,
,,,,,,,,,,,,,,,,,,,,,,,,,,
,,,,,,,,,,,,,,,,,,,,,,,,,,
,,,,,,,,,,,,,,,,,,,,,,,,,,
,,,,,,,,,,,,,,,,,,,,,,,,,,
,,,,,,,,,,,,,,,,,,,,,,,,,,
,,,,,,,,,,,,,,,,,,,,,,,,,,
,,,,,,,,,,,,,,,,,,,,,,,,,,
,,,,,,,,,,,,,,,,,,,,,,,,,,
,,,,,,,,,,,,,,,,,,,,,,,,,,
,,,,,,,,,,,,,,,,,,,,,,,,,,
,,,,,,,,,,,,,,,,,,,,,,,,,,
,,,,,,,,,,,,,,,,,,,,,,,,,,
,,,,,,,,,,,,,,,,,,,,,,,,,,
,,,,,,,,,,,,,,,,,,,,,,,,,,
,,,,,,,,,,,,,,,,,,,,,,,,,,
,,,,,,,,,,,,,,,,,,,,,,,,,,
,,,,,,,,,,,,,,,,,,,,,,,,,,
,,,,,,,,,,,,,,,,,,,,,,,,,,
,,,,,,,,,,,,,,,,,,,,,,,,,,
,,,,,,,,,,,,,,,,,,,,,,,,,,
,,,,,,,,,,,,,,,,,,,,,,,,,,
,,,,,,,,,,,,,,,,,,,,,,,,,,
,,,,,,,,,,,,,,,,,,,,,,,,,,
,,,,,,,,,,,,,,,,,,,,,,,,,,
,,,,,,,,,,,,,,,,,,,,,,,,,,
,,,,,,,,,,,,,,,,,,,,,,,,,,
,,,,,,,,,,,,,,,,,,,,,,,,,,
,,,,,,,,,,,,,,,,,,,,,,,,,,
,,,,,,,,,,,,,,,,,,,,,,,,,,
,,,,,,,,,,,,,,,,,,,,,,,,,,
,,,,,,,,,,,,,,,,,,,,,,,,,,
,,,,,,,,,,,,,,,,,,,,,,,,,,
,,,,,,,,,,,,,,,,,,,,,,,,,,
,,,,,,,,,,,,,,,,,,,,,,,,,,
,,,,,,,,,,,,,,,,,,,,,,,,,,
,,,,,,,,,,,,,,,,,,,,,,,,,,
,,,,,,,,,,,,,,,,,,,,,,,,,,
,,,,,,,,,,,,,,,,,,,,,,,,,,
,,,,,,,,,,,,,,,,,,,,,,,,,,
,,,,,,,,,,,,,,,,,,,,,,,,,,
,,,,,,,,,,,,,,,,,,,,,,,,,,
,,,,,,,,,,,,,,,,,,,,,,,,,,
,,,,,,,,,,,,,,,,,,,,,,,,,,
,,,,,,,,,,,,,,,,,,,,,,,,,,
,,,,,,,,,,,,,,,,,,,,,,,,,,
,,,,,,,,,,,,,,,,,,,,,,,,,,
,,,,,,,,,,,,,,,,,,,,,,,,,,
,,,,,,,,,,,,,,,,,,,,,,,,,,
,,,,,,,,,,,,,,,,,,,,,,,,,,
,,,,,,,,,,,,,,,,,,,,,,,,,,
,,,,,,,,,,,,,,,,,,,,,,,,,,
,,,,,,,,,,,,,,,,,,,,,,,,,,
,,,,,,,,,,,,,,,,,,,,,,,,,,
,,,,,,,,,,,,,,,,,,,,,,,,,,
,,,,,,,,,,,,,,,,,,,,,,,,,,
,,,,,,,,,,,,,,,,,,,,,,,,,,
,,,,,,,,,,,,,,,,,,,,,,,,,,
,,,,,,,,,,,,,,,,,,,,,,,,,,
,,,,,,,,,,,,,,,,,,,,,,,,,,
,,,,,,,,,,,,,,,,,,,,,,,,,,
,,,,,,,,,,,,,,,,,,,,,,,,,,
,,,,,,,,,,,,,,,,,,,,,,,,,,
,,,,,,,,,,,,,,,,,,,,,,,,,,
,,,,,,,,,,,,,,,,,,,,,,,,,,
,,,,,,,,,,,,,,,,,,,,,,,,,,
,,,,,,,,,,,,,,,,,,,,,,,,,,
,,,,,,,,,,,,,,,,,,,,,,,,,,
,,,,,,,,,,,,,,,,,,,,,,,,,,
,,,,,,,,,,,,,,,,,,,,,,,,,,
,,,,,,,,,,,,,,,,,,,,,,,,,,
,,,,,,,,,,,,,,,,,,,,,,,,,,
,,,,,,,,,,,,,,,,,,,,,,,,,,
,,,,,,,,,,,,,,,,,,,,,,,,,,
,,,,,,,,,,,,,,,,,,,,,,,,,,
,,,,,,,,,,,,,,,,,,,,,,,,,,
,,,,,,,,,,,,,,,,,,,,,,,,,,
,,,,,,,,,,,,,,,,,,,,,,,,,,
,,,,,,,,,,,,,,,,,,,,,,,,,,
,,,,,,,,,,,,,,,,,,,,,,,,,,
,,,,,,,,,,,,,,,,,,,,,,,,,,
,,,,,,,,,,,,,,,,,,,,,,,,,,
,,,,,,,,,,,,,,,,,,,,,,,,,,
,,,,,,,,,,,,,,,,,,,,,,,,,,
,,,,,,,,,,,,,,,,,,,,,,,,,,
,,,,,,,,,,,,,,,,,,,,,,,,,,
,,,,,,,,,,,,,,,,,,,,,,,,,,
,,,,,,,,,,,,,,,,,,,,,,,,,,
,,,,,,,,,,,,,,,,,,,,,,,,,,
,,,,,,,,,,,,,,,,,,,,,,,,,,
,,,,,,,,,,,,,,,,,,,,,,,,,,
,,,,,,,,,,,,,,,,,,,,,,,,,,
,,,,,,,,,,,,,,,,,,,,,,,,,,
,,,,,,,,,,,,,,,,,,,,,,,,,,
,,,,,,,,,,,,,,,,,,,,,,,,,,
,,,,,,,,,,,,,,,,,,,,,,,,,,
,,,,,,,,,,,,,,,,,,,,,,,,,,
,,,,,,,,,,,,,,,,,,,,,,,,,,
,,,,,,,,,,,,,,,,,,,,,,,,,,
,,,,,,,,,,,,,,,,,,,,,,,,,,
,,,,,,,,,,,,,,,,,,,,,,,,,,
,,,,,,,,,,,,,,,,,,,,,,,,,,
,,,,,,,,,,,,,,,,,,,,,,,,,,
,,,,,,,,,,,,,,,,,,,,,,,,,,
,,,,,,,,,,,,,,,,,,,,,,,,,,
,,,,,,,,,,,,,,,,,,,,,,,,,,
,,,,,,,,,,,,,,,,,,,,,,,,,,
,,,,,,,,,,,,,,,,,,,,,,,,,,
,,,,,,,,,,,,,,,,,,,,,,,,,,
,,,,,,,,,,,,,,,,,,,,,,,,,,
,,,,,,,,,,,,,,,,,,,,,,,,,,
,,,,,,,,,,,,,,,,,,,,,,,,,,
,,,,,,,,,,,,,,,,,,,,,,,,,,
,,,,,,,,,,,,,,,,,,,,,,,,,,
,,,,,,,,,,,,,,,,,,,,,,,,,,
,,,,,,,,,,,,,,,,,,,,,,,,,,
,,,,,,,,,,,,,,,,,,,,,,,,,,
,,,,,,,,,,,,,,,,,,,,,,,,,,
,,,,,,,,,,,,,,,,,,,,,,,,,,
,,,,,,,,,,,,,,,,,,,,,,,,,,
,,,,,,,,,,,,,,,,,,,,,,,,,,
,,,,,,,,,,,,,,,,,,,,,,,,,,
,,,,,,,,,,,,,,,,,,,,,,,,,,
,,,,,,,,,,,,,,,,,,,,,,,,,,
,,,,,,,,,,,,,,,,,,,,,,,,,,
,,,,,,,,,,,,,,,,,,,,,,,,,,
,,,,,,,,,,,,,,,,,,,,,,,,,,
,,,,,,,,,,,,,,,,,,,,,,,,,,
,,,,,,,,,,,,,,,,,,,,,,,,,,
,,,,,,,,,,,,,,,,,,,,,,,,,,
,,,,,,,,,,,,,,,,,,,,,,,,,,
,,,,,,,,,,,,,,,,,,,,,,,,,,
,,,,,,,,,,,,,,,,,,,,,,,,,,
,,,,,,,,,,,,,,,,,,,,,,,,,,
,,,,,,,,,,,,,,,,,,,,,,,,,,
,,,,,,,,,,,,,,,,,,,,,,,,,,
,,,,,,,,,,,,,,,,,,,,,,,,,,
,,,,,,,,,,,,,,,,,,,,,,,,,,
,,,,,,,,,,,,,,,,,,,,,,,,,,
,,,,,,,,,,,,,,,,,,,,,,,,,,
,,,,,,,,,,,,,,,,,,,,,,,,,,
,,,,,,,,,,,,,,,,,,,,,,,,,,
,,,,,,,,,,,,,,,,,,,,,,,,,,
,,,,,,,,,,,,,,,,,,,,,,,,,,
,,,,,,,,,,,,,,,,,,,,,,,,,,
,,,,,,,,,,,,,,,,,,,,,,,,,,
,,,,,,,,,,,,,,,,,,,,,,,,,,
,,,,,,,,,,,,,,,,,,,,,,,,,,
,,,,,,,,,,,,,,,,,,,,,,,,,,
,,,,,,,,,,,,,,,,,,,,,,,,,,
,,,,,,,,,,,,,,,,,,,,,,,,,,
,,,,,,,,,,,,,,,,,,,,,,,,,,
,,,,,,,,,,,,,,,,,,,,,,,,,,
,,,,,,,,,,,,,,,,,,,,,,,,,,
,,,,,,,,,,,,,,,,,,,,,,,,,,
,,,,,,,,,,,,,,,,,,,,,,,,,,
,,,,,,,,,,,,,,,,,,,,,,,,,,
,,,,,,,,,,,,,,,,,,,,,,,,,,
,,,,,,,,,,,,,,,,,,,,,,,,,,
,,,,,,,,,,,,,,,,,,,,,,,,,,
,,,,,,,,,,,,,,,,,,,,,,,,,,
,,,,,,,,,,,,,,,,,,,,,,,,,,
,,,,,,,,,,,,,,,,,,,,,,,,,,
,,,,,,,,,,,,,,,,,,,,,,,,,,
,,,,,,,,,,,,,,,,,,,,,,,,,,
,,,,,,,,,,,,,,,,,,,,,,,,,,
,,,,,,,,,,,,,,,,,,,,,,,,,,
,,,,,,,,,,,,,,,,,,,,,,,,,,
,,,,,,,,,,,,,,,,,,,,,,,,,,
,,,,,,,,,,,,,,,,,,,,,,,,,,
,,,,,,,,,,,,,,,,,,,,,,,,,,
,,,,,,,,,,,,,,,,,,,,,,,,,,
,,,,,,,,,,,,,,,,,,,,,,,,,,
,,,,,,,,,,,,,,,,,,,,,,,,,,
,,,,,,,,,,,,,,,,,,,,,,,,,,
,,,,,,,,,,,,,,,,,,,,,,,,,,
,,,,,,,,,,,,,,,,,,,,,,,,,,
,,,,,,,,,,,,,,,,,,,,,,,,,,
,,,,,,,,,,,,,,,,,,,,,,,,,,
,,,,,,,,,,,,,,,,,,,,,,,,,,
,,,,,,,,,,,,,,,,,,,,,,,,,,
,,,,,,,,,,,,,,,,,,,,,,,,,,
,,,,,,,,,,,,,,,,,,,,,,,,,,
,,,,,,,,,,,,,,,,,,,,,,,,,,
,,,,,,,,,,,,,,,,,,,,,,,,,,
,,,,,,,,,,,,,,,,,,,,,,,,,,
,,,,,,,,,,,,,,,,,,,,,,,,,,
,,,,,,,,,,,,,,,,,,,,,,,,,,
,,,,,,,,,,,,,,,,,,,,,,,,,,
,,,,,,,,,,,,,,,,,,,,,,,,,,
,,,,,,,,,,,,,,,,,,,,,,,,,,
,,,,,,,,,,,,,,,,,,,,,,,,,,
,,,,,,,,,,,,,,,,,,,,,,,,,,
,,,,,,,,,,,,,,,,,,,,,,,,,,
,,,,,,,,,,,,,,,,,,,,,,,,,,
,,,,,,,,,,,,,,,,,,,,,,,,,,
,,,,,,,,,,,,,,,,,,,,,,,,,,
,,,,,,,,,,,,,,,,,,,,,,,,,,
,,,,,,,,,,,,,,,,,,,,,,,,,,
,,,,,,,,,,,,,,,,,,,,,,,,,,
,,,,,,,,,,,,,,,,,,,,,,,,,,
,,,,,,,,,,,,,,,,,,,,,,,,,,
,,,,,,,,,,,,,,,,,,,,,,,,,,
,,,,,,,,,,,,,,,,,,,,,,,,,,
,,,,,,,,,,,,,,,,,,,,,,,,,,
,,,,,,,,,,,,,,,,,,,,,,,,,,
,,,,,,,,,,,,,,,,,,,,,,,,,,
,,,,,,,,,,,,,,,,,,,,,,,,,,
,,,,,,,,,,,,,,,,,,,,,,,,,,
,,,,,,,,,,,,,,,,,,,,,,,,,,
,,,,,,,,,,,,,,,,,,,,,,,,,,
,,,,,,,,,,,,,,,,,,,,,,,,,,
,,,,,,,,,,,,,,,,,,,,,,,,,,
,,,,,,,,,,,,,,,,,,,,,,,,,,
,,,,,,,,,,,,,,,,,,,,,,,,,,
,,,,,,,,,,,,,,,,,,,,,,,,,,
,,,,,,,,,,,,,,,,,,,,,,,,,,
,,,,,,,,,,,,,,,,,,,,,,,,,,
,,,,,,,,,,,,,,,,,,,,,,,,,,
,,,,,,,,,,,,,,,,,,,,,,,,,,
,,,,,,,,,,,,,,,,,,,,,,,,,,
,,,,,,,,,,,,,,,,,,,,,,,,,,
,,,,,,,,,,,,,,,,,,,,,,,,,,
,,,,,,,,,,,,,,,,,,,,,,,,,,
,,,,,,,,,,,,,,,,,,,,,,,,,,
,,,,,,,,,,,,,,,,,,,,,,,,,,
,,,,,,,,,,,,,,,,,,,,,,,,,,
,,,,,,,,,,,,,,,,,,,,,,,,,,
,,,,,,,,,,,,,,,,,,,,,,,,,,
,,,,,,,,,,,,,,,,,,,,,,,,,,
,,,,,,,,,,,,,,,,,,,,,,,,,,
,,,,,,,,,,,,,,,,,,,,,,,,,,
,,,,,,,,,,,,,,,,,,,,,,,,,,
,,,,,,,,,,,,,,,,,,,,,,,,,,
,,,,,,,,,,,,,,,,,,,,,,,,,,
,,,,,,,,,,,,,,,,,,,,,,,,,,
,,,,,,,,,,,,,,,,,,,,,,,,,,
,,,,,,,,,,,,,,,,,,,,,,,,,,
,,,,,,,,,,,,,,,,,,,,,,,,,,
,,,,,,,,,,,,,,,,,,,,,,,,,,
,,,,,,,,,,,,,,,,,,,,,,,,,,
,,,,,,,,,,,,,,,,,,,,,,,,,,
,,,,,,,,,,,,,,,,,,,,,,,,,,
,,,,,,,,,,,,,,,,,,,,,,,,,,
,,,,,,,,,,,,,,,,,,,,,,,,,,
,,,,,,,,,,,,,,,,,,,,,,,,,,
,,,,,,,,,,,,,,,,,,,,,,,,,,
,,,,,,,,,,,,,,,,,,,,,,,,,,
,,,,,,,,,,,,,,,,,,,,,,,,,,
,,,,,,,,,,,,,,,,,,,,,,,,,,
,,,,,,,,,,,,,,,,,,,,,,,,,,
,,,,,,,,,,,,,,,,,,,,,,,,,,
,,,,,,,,,,,,,,,,,,,,,,,,,,
,,,,,,,,,,,,,,,,,,,,,,,,,,
,,,,,,,,,,,,,,,,,,,,,,,,,,
,,,,,,,,,,,,,,,,,,,,,,,,,,
,,,,,,,,,,,,,,,,,,,,,,,,,,
,,,,,,,,,,,,,,,,,,,,,,,,,,
,,,,,,,,,,,,,,,,,,,,,,,,,,
,,,,,,,,,,,,,,,,,,,,,,,,,,
,,,,,,,,,,,,,,,,,,,,,,,,,,
,,,,,,,,,,,,,,,,,,,,,,,,,,
,,,,,,,,,,,,,,,,,,,,,,,,,,
,,,,,,,,,,,,,,,,,,,,,,,,,,
,,,,,,,,,,,,,,,,,,,,,,,,,,
,,,,,,,,,,,,,,,,,,,,,,,,,,
,,,,,,,,,,,,,,,,,,,,,,,,,,
,,,,,,,,,,,,,,,,,,,,,,,,,,
,,,,,,,,,,,,,,,,,,,,,,,,,,
,,,,,,,,,,,,,,,,,,,,,,,,,,
,,,,,,,,,,,,,,,,,,,,,,,,,,
,,,,,,,,,,,,,,,,,,,,,,,,,,
,,,,,,,,,,,,,,,,,,,,,,,,,,
,,,,,,,,,,,,,,,,,,,,,,,,,,
,,,,,,,,,,,,,,,,,,,,,,,,,,
,,,,,,,,,,,,,,,,,,,,,,,,,,
,,,,,,,,,,,,,,,,,,,,,,,,,,
,,,,,,,,,,,,,,,,,,,,,,,,,,
,,,,,,,,,,,,,,,,,,,,,,,,,,
,,,,,,,,,,,,,,,,,,,,,,,,,,
,,,,,,,,,,,,,,,,,,,,,,,,,,
,,,,,,,,,,,,,,,,,,,,,,,,,,
,,,,,,,,,,,,,,,,,,,,,,,,,,
,,,,,,,,,,,,,,,,,,,,,,,,,,
,,,,,,,,,,,,,,,,,,,,,,,,,,
,,,,,,,,,,,,,,,,,,,,,,,,,,
,,,,,,,,,,,,,,,,,,,,,,,,,,
,,,,,,,,,,,,,,,,,,,,,,,,,,
,,,,,,,,,,,,,,,,,,,,,,,,,,
,,,,,,,,,,,,,,,,,,,,,,,,,,
,,,,,,,,,,,,,,,,,,,,,,,,,,
,,,,,,,,,,,,,,,,,,,,,,,,,,
,,,,,,,,,,,,,,,,,,,,,,,,,,
,,,,,,,,,,,,,,,,,,,,,,,,,,
,,,,,,,,,,,,,,,,,,,,,,,,,,
,,,,,,,,,,,,,,,,,,,,,,,,,,
,,,,,,,,,,,,,,,,,,,,,,,,,,
,,,,,,,,,,,,,,,,,,,,,,,,,,
,,,,,,,,,,,,,,,,,,,,,,,,,,
,,,,,,,,,,,,,,,,,,,,,,,,,,
,,,,,,,,,,,,,,,,,,,,,,,,,,
,,,,,,,,,,,,,,,,,,,,,,,,,,
,,,,,,,,,,,,,,,,,,,,,,,,,,
,,,,,,,,,,,,,,,,,,,,,,,,,,
,,,,,,,,,,,,,,,,,,,,,,,,,,
,,,,,,,,,,,,,,,,,,,,,,,,,,
,,,,,,,,,,,,,,,,,,,,,,,,,,
,,,,,,,,,,,,,,,,,,,,,,,,,,
,,,,,,,,,,,,,,,,,,,,,,,,,,
,,,,,,,,,,,,,,,,,,,,,,,,,,
,,,,,,,,,,,,,,,,,,,,,,,,,,
,,,,,,,,,,,,,,,,,,,,,,,,,,
,,,,,,,,,,,,,,,,,,,,,,,,,,
,,,,,,,,,,,,,,,,,,,,,,,,,,
,,,,,,,,,,,,,,,,,,,,,,,,,,
,,,,,,,,,,,,,,,,,,,,,,,,,,
,,,,,,,,,,,,,,,,,,,,,,,,,,
,,,,,,,,,,,,,,,,,,,,,,,,,,
,,,,,,,,,,,,,,,,,,,,,,,,,,
,,,,,,,,,,,,,,,,,,,,,,,,,,
,,,,,,,,,,,,,,,,,,,,,,,,,,
,,,,,,,,,,,,,,,,,,,,,,,,,,
,,,,,,,,,,,,,,,,,,,,,,,,,,
,,,,,,,,,,,,,,,,,,,,,,,,,,
,,,,,,,,,,,,,,,,,,,,,,,,,,
,,,,,,,,,,,,,,,,,,,,,,,,,,
,,,,,,,,,,,,,,,,,,,,,,,,,,
,,,,,,,,,,,,,,,,,,,,,,,,,,
,,,,,,,,,,,,,,,,,,,,,,,,,,
,,,,,,,,,,,,,,,,,,,,,,,,,,
,,,,,,,,,,,,,,,,,,,,,,,,,,
,,,,,,,,,,,,,,,,,,,,,,,,,,
,,,,,,,,,,,,,,,,,,,,,,,,,,
,,,,,,,,,,,,,,,,,,,,,,,,,,
,,,,,,,,,,,,,,,,,,,,,,,,,,
,,,,,,,,,,,,,,,,,,,,,,,,,,
,,,,,,,,,,,,,,,,,,,,,,,,,,
,,,,,,,,,,,,,,,,,,,,,,,,,,
,,,,,,,,,,,,,,,,,,,,,,,,,,
,,,,,,,,,,,,,,,,,,,,,,,,,,
,,,,,,,,,,,,,,,,,,,,,,,,,,
,,,,,,,,,,,,,,,,,,,,,,,,,,
,,,,,,,,,,,,,,,,,,,,,,,,,,
,,,,,,,,,,,,,,,,,,,,,,,,,,
,,,,,,,,,,,,,,,,,,,,,,,,,,
,,,,,,,,,,,,,,,,,,,,,,,,,,
,,,,,,,,,,,,,,,,,,,,,,,,,,
,,,,,,,,,,,,,,,,,,,,,,,,,,
,,,,,,,,,,,,,,,,,,,,,,,,,,
,,,,,,,,,,,,,,,,,,,,,,,,,,
,,,,,,,,,,,,,,,,,,,,,,,,,,
,,,,,,,,,,,,,,,,,,,,,,,,,,
,,,,,,,,,,,,,,,,,,,,,,,,,,
,,,,,,,,,,,,,,,,,,,,,,,,,,
,,,,,,,,,,,,,,,,,,,,,,,,,,
,,,,,,,,,,,,,,,,,,,,,,,,,,
,,,,,,,,,,,,,,,,,,,,,,,,,,
,,,,,,,,,,,,,,,,,,,,,,,,,,
,,,,,,,,,,,,,,,,,,,,,,,,,,
,,,,,,,,,,,,,,,,,,,,,,,,,,
,,,,,,,,,,,,,,,,,,,,,,,,,,
,,,,,,,,,,,,,,,,,,,,,,,,,,
,,,,,,,,,,,,,,,,,,,,,,,,,,
,,,,,,,,,,,,,,,,,,,,,,,,,,
,,,,,,,,,,,,,,,,,,,,,,,,,,
,,,,,,,,,,,,,,,,,,,,,,,,,,
,,,,,,,,,,,,,,,,,,,,,,,,,,
,,,,,,,,,,,,,,,,,,,,,,,,,,
,,,,,,,,,,,,,,,,,,,,,,,,,,
,,,,,,,,,,,,,,,,,,,,,,,,,,
,,,,,,,,,,,,,,,,,,,,,,,,,,
,,,,,,,,,,,,,,,,,,,,,,,,,,
,,,,,,,,,,,,,,,,,,,,,,,,,,
,,,,,,,,,,,,,,,,,,,,,,,,,,
,,,,,,,,,,,,,,,,,,,,,,,,,,
,,,,,,,,,,,,,,,,,,,,,,,,,,
,,,,,,,,,,,,,,,,,,,,,,,,,,
,,,,,,,,,,,,,,,,,,,,,,,,,,
,,,,,,,,,,,,,,,,,,,,,,,,,,
,,,,,,,,,,,,,,,,,,,,,,,,,,
,,,,,,,,,,,,,,,,,,,,,,,,,,
,,,,,,,,,,,,,,,,,,,,,,,,,,
,,,,,,,,,,,,,,,,,,,,,,,,,,
,,,,,,,,,,,,,,,,,,,,,,,,,,
,,,,,,,,,,,,,,,,,,,,,,,,,,
,,,,,,,,,,,,,,,,,,,,,,,,,,
,,,,,,,,,,,,,,,,,,,,,,,,,,
,,,,,,,,,,,,,,,,,,,,,,,,,,
,,,,,,,,,,,,,,,,,,,,,,,,,,
,,,,,,,,,,,,,,,,,,,,,,,,,,
,,,,,,,,,,,,,,,,,,,,,,,,,,
,,,,,,,,,,,,,,,,,,,,,,,,,,
,,,,,,,,,,,,,,,,,,,,,,,,,,
,,,,,,,,,,,,,,,,,,,,,,,,,,
,,,,,,,,,,,,,,,,,,,,,,,,,,
,,,,,,,,,,,,,,,,,,,,,,,,,,
,,,,,,,,,,,,,,,,,,,,,,,,,,
,,,,,,,,,,,,,,,,,,,,,,,,,,
,,,,,,,,,,,,,,,,,,,,,,,,,,
,,,,,,,,,,,,,,,,,,,,,,,,,,
,,,,,,,,,,,,,,,,,,,,,,,,,,
,,,,,,,,,,,,,,,,,,,,,,,,,,
,,,,,,,,,,,,,,,,,,,,,,,,,,
,,,,,,,,,,,,,,,,,,,,,,,,,,
,,,,,,,,,,,,,,,,,,,,,,,,,,
,,,,,,,,,,,,,,,,,,,,,,,,,,
,,,,,,,,,,,,,,,,,,,,,,,,,,
,,,,,,,,,,,,,,,,,,,,,,,,,,
,,,,,,,,,,,,,,,,,,,,,,,,,,
,,,,,,,,,,,,,,,,,,,,,,,,,,
,,,,,,,,,,,,,,,,,,,,,,,,,,
,,,,,,,,,,,,,,,,,,,,,,,,,,
,,,,,,,,,,,,,,,,,,,,,,,,,,
,,,,,,,,,,,,,,,,,,,,,,,,,,
,,,,,,,,,,,,,,,,,,,,,,,,,,
,,,,,,,,,,,,,,,,,,,,,,,,,,
,,,,,,,,,,,,,,,,,,,,,,,,,,
,,,,,,,,,,,,,,,,,,,,,,,,,,
,,,,,,,,,,,,,,,,,,,,,,,,,,
,,,,,,,,,,,,,,,,,,,,,,,,,,
,,,,,,,,,,,,,,,,,,,,,,,,,,
,,,,,,,,,,,,,,,,,,,,,,,,,,
,,,,,,,,,,,,,,,,,,,,,,,,,,
,,,,,,,,,,,,,,,,,,,,,,,,,,
,,,,,,,,,,,,,,,,,,,,,,,,,,
,,,,,,,,,,,,,,,,,,,,,,,,,,
,,,,,,,,,,,,,,,,,,,,,,,,,,
,,,,,,,,,,,,,,,,,,,,,,,,,,
,,,,,,,,,,,,,,,,,,,,,,,,,,
,,,,,,,,,,,,,,,,,,,,,,,,,,
,,,,,,,,,,,,,,,,,,,,,,,,,,
,,,,,,,,,,,,,,,,,,,,,,,,,,
,,,,,,,,,,,,,,,,,,,,,,,,,,
,,,,,,,,,,,,,,,,,,,,,,,,,,
,,,,,,,,,,,,,,,,,,,,,,,,,,
,,,,,,,,,,,,,,,,,,,,,,,,,,
,,,,,,,,,,,,,,,,,,,,,,,,,,
,,,,,,,,,,,,,,,,,,,,,,,,,,
,,,,,,,,,,,,,,,,,,,,,,,,,,
,,,,,,,,,,,,,,,,,,,,,,,,,,
,,,,,,,,,,,,,,,,,,,,,,,,,,
,,,,,,,,,,,,,,,,,,,,,,,,,,
,,,,,,,,,,,,,,,,,,,,,,,,,,
,,,,,,,,,,,,,,,,,,,,,,,,,,
,,,,,,,,,,,,,,,,,,,,,,,,,,
,,,,,,,,,,,,,,,,,,,,,,,,,,
,,,,,,,,,,,,,,,,,,,,,,,,,,
,,,,,,,,,,,,,,,,,,,,,,,,,,
,,,,,,,,,,,,,,,,,,,,,,,,,,
,,,,,,,,,,,,,,,,,,,,,,,,,,
,,,,,,,,,,,,,,,,,,,,,,,,,,
,,,,,,,,,,,,,,,,,,,,,,,,,,
,,,,,,,,,,,,,,,,,,,,,,,,,,
,,,,,,,,,,,,,,,,,,,,,,,,,,
,,,,,,,,,,,,,,,,,,,,,,,,,,
,,,,,,,,,,,,,,,,,,,,,,,,,,
,,,,,,,,,,,,,,,,,,,,,,,,,,
,,,,,,,,,,,,,,,,,,,,,,,,,,
,,,,,,,,,,,,,,,,,,,,,,,,,,
,,,,,,,,,,,,,,,,,,,,,,,,,,
,,,,,,,,,,,,,,,,,,,,,,,,,,
,,,,,,,,,,,,,,,,,,,,,,,,,,
,,,,,,,,,,,,,,,,,,,,,,,,,,
,,,,,,,,,,,,,,,,,,,,,,,,,,
,,,,,,,,,,,,,,,,,,,,,,,,,,
,,,,,,,,,,,,,,,,,,,,,,,,,,
,,,,,,,,,,,,,,,,,,,,,,,,,,
,,,,,,,,,,,,,,,,,,,,,,,,,,
,,,,,,,,,,,,,,,,,,,,,,,,,,
,,,,,,,,,,,,,,,,,,,,,,,,,,
,,,,,,,,,,,,,,,,,,,,,,,,,,
,,,,,,,,,,,,,,,,,,,,,,,,,,
,,,,,,,,,,,,,,,,,,,,,,,,,,
,,,,,,,,,,,,,,,,,,,,,,,,,,
,,,,,,,,,,,,,,,,,,,,,,,,,,
,,,,,,,,,,,,,,,,,,,,,,,,,,
,,,,,,,,,,,,,,,,,,,,,,,,,,
,,,,,,,,,,,,,,,,,,,,,,,,,,
,,,,,,,,,,,,,,,,,,,,,,,,,,
,,,,,,,,,,,,,,,,,,,,,,,,,,
,,,,,,,,,,,,,,,,,,,,,,,,,,
,,,,,,,,,,,,,,,,,,,,,,,,,,
,,,,,,,,,,,,,,,,,,,,,,,,,,
,,,,,,,,,,,,,,,,,,,,,,,,,,
,,,,,,,,,,,,,,,,,,,,,,,,,,
,,,,,,,,,,,,,,,,,,,,,,,,,,
,,,,,,,,,,,,,,,,,,,,,,,,,,
,,,,,,,,,,,,,,,,,,,,,,,,,,
,,,,,,,,,,,,,,,,,,,,,,,,,,
,,,,,,,,,,,,,,,,,,,,,,,,,,
,,,,,,,,,,,,,,,,,,,,,,,,,,
,,,,,,,,,,,,,,,,,,,,,,,,,,
,,,,,,,,,,,,,,,,,,,,,,,,,,
,,,,,,,,,,,,,,,,,,,,,,,,,,
,,,,,,,,,,,,,,,,,,,,,,,,,,
,,,,,,,,,,,,,,,,,,,,,,,,,,
,,,,,,,,,,,,,,,,,,,,,,,,,,
,,,,,,,,,,,,,,,,,,,,,,,,,,
,,,,,,,,,,,,,,,,,,,,,,,,,,
,,,,,,,,,,,,,,,,,,,,,,,,,,
,,,,,,,,,,,,,,,,,,,,,,,,,,
,,,,,,,,,,,,,,,,,,,,,,,,,,
,,,,,,,,,,,,,,,,,,,,,,,,,,
,,,,,,,,,,,,,,,,,,,,,,,,,,
,,,,,,,,,,,,,,,,,,,,,,,,,,
,,,,,,,,,,,,,,,,,,,,,,,,,,
,,,,,,,,,,,,,,,,,,,,,,,,,,
,,,,,,,,,,,,,,,,,,,,,,,,,,
,,,,,,,,,,,,,,,,,,,,,,,,,,
,,,,,,,,,,,,,,,,,,,,,,,,,,
,,,,,,,,,,,,,,,,,,,,,,,,,,
,,,,,,,,,,,,,,,,,,,,,,,,,,
,,,,,,,,,,,,,,,,,,,,,,,,,,
,,,,,,,,,,,,,,,,,,,,,,,,,,
,,,,,,,,,,,,,,,,,,,,,,,,,,
,,,,,,,,,,,,,,,,,,,,,,,,,,
,,,,,,,,,,,,,,,,,,,,,,,,,,
,,,,,,,,,,,,,,,,,,,,,,,,,,
,,,,,,,,,,,,,,,,,,,,,,,,,,
,,,,,,,,,,,,,,,,,,,,,,,,,,
,,,,,,,,,,,,,,,,,,,,,,,,,,
,,,,,,,,,,,,,,,,,,,,,,,,,,
,,,,,,,,,,,,,,,,,,,,,,,,,,
,,,,,,,,,,,,,,,,,,,,,,,,,,
,,,,,,,,,,,,,,,,,,,,,,,,,,
,,,,,,,,,,,,,,,,,,,,,,,,,,
,,,,,,,,,,,,,,,,,,,,,,,,,,
,,,,,,,,,,,,,,,,,,,,,,,,,,
,,,,,,,,,,,,,,,,,,,,,,,,,,
,,,,,,,,,,,,,,,,,,,,,,,,,,
,,,,,,,,,,,,,,,,,,,,,,,,,,
,,,,,,,,,,,,,,,,,,,,,,,,,,
,,,,,,,,,,,,,,,,,,,,,,,,,,
,,,,,,,,,,,,,,,,,,,,,,,,,,
,,,,,,,,,,,,,,,,,,,,,,,,,,
,,,,,,,,,,,,,,,,,,,,,,,,,,
,,,,,,,,,,,,,,,,,,,,,,,,,,
,,,,,,,,,,,,,,,,,,,,,,,,,,
,,,,,,,,,,,,,,,,,,,,,,,,,,
,,,,,,,,,,,,,,,,,,,,,,,,,,
,,,,,,,,,,,,,,,,,,,,,,,,,,
,,,,,,,,,,,,,,,,,,,,,,,,,,
,,,,,,,,,,,,,,,,,,,,,,,,,,
,,,,,,,,,,,,,,,,,,,,,,,,,,
,,,,,,,,,,,,,,,,,,,,,,,,,,
,,,,,,,,,,,,,,,,,,,,,,,,,,
,,,,,,,,,,,,,,,,,,,,,,,,,,
,,,,,,,,,,,,,,,,,,,,,,,,,,
,,,,,,,,,,,,,,,,,,,,,,,,,,
,,,,,,,,,,,,,,,,,,,,,,,,,,
,,,,,,,,,,,,,,,,,,,,,,,,,,
,,,,,,,,,,,,,,,,,,,,,,,,,,
,,,,,,,,,,,,,,,,,,,,,,,,,,
,,,,,,,,,,,,,,,,,,,,,,,,,,
,,,,,,,,,,,,,,,,,,,,,,,,,,
,,,,,,,,,,,,,,,,,,,,,,,,,,
,,,,,,,,,,,,,,,,,,,,,,,,,,
,,,,,,,,,,,,,,,,,,,,,,,,,,
,,,,,,,,,,,,,,,,,,,,,,,,,,
,,,,,,,,,,,,,,,,,,,,,,,,,,
,,,,,,,,,,,,,,,,,,,,,,,,,,
,,,,,,,,,,,,,,,,,,,,,,,,,,
,,,,,,,,,,,,,,,,,,,,,,,,,,
,,,,,,,,,,,,,,,,,,,,,,,,,,
,,,,,,,,,,,,,,,,,,,,,,,,,,
,,,,,,,,,,,,,,,,,,,,,,,,,,
,,,,,,,,,,,,,,,,,,,,,,,,,,
,,,,,,,,,,,,,,,,,,,,,,,,,,
,,,,,,,,,,,,,,,,,,,,,,,,,,
,,,,,,,,,,,,,,,,,,,,,,,,,,
,,,,,,,,,,,,,,,,,,,,,,,,,,
,,,,,,,,,,,,,,,,,,,,,,,,,,
,,,,,,,,,,,,,,,,,,,,,,,,,,
,,,,,,,,,,,,,,,,,,,,,,,,,,
,,,,,,,,,,,,,,,,,,,,,,,,,,
,,,,,,,,,,,,,,,,,,,,,,,,,,
,,,,,,,,,,,,,,,,,,,,,,,,,,
,,,,,,,,,,,,,,,,,,,,,,,,,,
,,,,,,,,,,,,,,,,,,,,,,,,,,
,,,,,,,,,,,,,,,,,,,,,,,,,,
,,,,,,,,,,,,,,,,,,,,,,,,,,
,,,,,,,,,,,,,,,,,,,,,,,,,,
,,,,,,,,,,,,,,,,,,,,,,,,,,
,,,,,,,,,,,,,,,,,,,,,,,,,,
,,,,,,,,,,,,,,,,,,,,,,,,,,
,,,,,,,,,,,,,,,,,,,,,,,,,,
,,,,,,,,,,,,,,,,,,,,,,,,,,
,,,,,,,,,,,,,,,,,,,,,,,,,,
,,,,,,,,,,,,,,,,,,,,,,,,,,
,,,,,,,,,,,,,,,,,,,,,,,,,,
,,,,,,,,,,,,,,,,,,,,,,,,,,
,,,,,,,,,,,,,,,,,,,,,,,,,,
,,,,,,,,,,,,,,,,,,,,,,,,,,
,,,,,,,,,,,,,,,,,,,,,,,,,,
,,,,,,,,,,,,,,,,,,,,,,,,,,
,,,,,,,,,,,,,,,,,,,,,,,,,,
,,,,,,,,,,,,,,,,,,,,,,,,,,
,,,,,,,,,,,,,,,,,,,,,,,,,,
,,,,,,,,,,,,,,,,,,,,,,,,,,
,,,,,,,,,,,,,,,,,,,,,,,,,,
,,,,,,,,,,,,,,,,,,,,,,,,,,
,,,,,,,,,,,,,,,,,,,,,,,,,,
,,,,,,,,,,,,,,,,,,,,,,,,,,
,,,,,,,,,,,,,,,,,,,,,,,,,,
,,,,,,,,,,,,,,,,,,,,,,,,,,
,,,,,,,,,,,,,,,,,,,,,,,,,,
,,,,,,,,,,,,,,,,,,,,,,,,,,
,,,,,,,,,,,,,,,,,,,,,,,,,,
,,,,,,,,,,,,,,,,,,,,,,,,,,
,,,,,,,,,,,,,,,,,,,,,,,,,,
,,,,,,,,,,,,,,,,,,,,,,,,,,
,,,,,,,,,,,,,,,,,,,,,,,,,,
,,,,,,,,,,,,,,,,,,,,,,,,,,
,,,,,,,,,,,,,,,,,,,,,,,,,,
,,,,,,,,,,,,,,,,,,,,,,,,,,
,,,,,,,,,,,,,,,,,,,,,,,,,,
,,,,,,,,,,,,,,,,,,,,,,,,,,
,,,,,,,,,,,,,,,,,,,,,,,,,,
,,,,,,,,,,,,,,,,,,,,,,,,,,
,,,,,,,,,,,,,,,,,,,,,,,,,,
,,,,,,,,,,,,,,,,,,,,,,,,,,
,,,,,,,,,,,,,,,,,,,,,,,,,,
,,,,,,,,,,,,,,,,,,,,,,,,,,
,,,,,,,,,,,,,,,,,,,,,,,,,,
,,,,,,,,,,,,,,,,,,,,,,,,,,
,,,,,,,,,,,,,,,,,,,,,,,,,,
,,,,,,,,,,,,,,,,,,,,,,,,,,
,,,,,,,,,,,,,,,,,,,,,,,,,,
,,,,,,,,,,,,,,,,,,,,,,,,,,
,,,,,,,,,,,,,,,,,,,,,,,,,,
,,,,,,,,,,,,,,,,,,,,,,,,,,
,,,,,,,,,,,,,,,,,,,,,,,,,,
,,,,,,,,,,,,,,,,,,,,,,,,,,
,,,,,,,,,,,,,,,,,,,,,,,,,,
,,,,,,,,,,,,,,,,,,,,,,,,,,
,,,,,,,,,,,,,,,,,,,,,,,,,,
,,,,,,,,,,,,,,,,,,,,,,,,,,
,,,,,,,,,,,,,,,,,,,,,,,,,,
,,,,,,,,,,,,,,,,,,,,,,,,,,
,,,,,,,,,,,,,,,,,,,,,,,,,,
,,,,,,,,,,,,,,,,,,,,,,,,,,
,,,,,,,,,,,,,,,,,,,,,,,,,,
,,,,,,,,,,,,,,,,,,,,,,,,,,
,,,,,,,,,,,,,,,,,,,,,,,,,,
,,,,,,,,,,,,,,,,,,,,,,,,,,
,,,,,,,,,,,,,,,,,,,,,,,,,,
,,,,,,,,,,,,,,,,,,,,,,,,,,
,,,,,,,,,,,,,,,,,,,,,,,,,,
,,,,,,,,,,,,,,,,,,,,,,,,,,
,,,,,,,,,,,,,,,,,,,,,,,,,,
,,,,,,,,,,,,,,,,,,,,,,,,,,
,,,,,,,,,,,,,,,,,,,,,,,,,,
,,,,,,,,,,,,,,,,,,,,,,,,,,
,,,,,,,,,,,,,,,,,,,,,,,,,,
,,,,,,,,,,,,,,,,,,,,,,,,,,
,,,,,,,,,,,,,,,,,,,,,,,,,,
,,,,,,,,,,,,,,,,,,,,,,,,,,
,,,,,,,,,,,,,,,,,,,,,,,,,,
,,,,,,,,,,,,,,,,,,,,,,,,,,
,,,,,,,,,,,,,,,,,,,,,,,,,,
,,,,,,,,,,,,,,,,,,,,,,,,,,
,,,,,,,,,,,,,,,,,,,,,,,,,,
,,,,,,,,,,,,,,,,,,,,,,,,,,
,,,,,,,,,,,,,,,,,,,,,,,,,,
,,,,,,,,,,,,,,,,,,,,,,,,,,
,,,,,,,,,,,,,,,,,,,,,,,,,,
,,,,,,,,,,,,,,,,,,,,,,,,,,
,,,,,,,,,,,,,,,,,,,,,,,,,,
,,,,,,,,,,,,,,,,,,,,,,,,,,
,,,,,,,,,,,,,,,,,,,,,,,,,,
,,,,,,,,,,,,,,,,,,,,,,,,,,
,,,,,,,,,,,,,,,,,,,,,,,,,,
,,,,,,,,,,,,,,,,,,,,,,,,,,
,,,,,,,,,,,,,,,,,,,,,,,,,,
,,,,,,,,,,,,,,,,,,,,,,,,,,
,,,,,,,,,,,,,,,,,,,,,,,,,,
,,,,,,,,,,,,,,,,,,,,,,,,,,
,,,,,,,,,,,,,,,,,,,,,,,,,,
,,,,,,,,,,,,,,,,,,,,,,,,,,
,,,,,,,,,,,,,,,,,,,,,,,,,,
,,,,,,,,,,,,,,,,,,,,,,,,,,
,,,,,,,,,,,,,,,,,,,,,,,,,,
,,,,,,,,,,,,,,,,,,,,,,,,,,
,,,,,,,,,,,,,,,,,,,,,,,,,,
,,,,,,,,,,,,,,,,,,,,,,,,,,
,,,,,,,,,,,,,,,,,,,,,,,,,,
,,,,,,,,,,,,,,,,,,,,,,,,,,
,,,,,,,,,,,,,,,,,,,,,,,,,,
,,,,,,,,,,,,,,,,,,,,,,,,,,
,,,,,,,,,,,,,,,,,,,,,,,,,,
,,,,,,,,,,,,,,,,,,,,,,,,,,
,,,,,,,,,,,,,,,,,,,,,,,,,,
,,,,,,,,,,,,,,,,,,,,,,,,,,
,,,,,,,,,,,,,,,,,,,,,,,,,,
,,,,,,,,,,,,,,,,,,,,,,,,,,
,,,,,,,,,,,,,,,,,,,,,,,,,,
,,,,,,,,,,,,,,,,,,,,,,,,,,
,,,,,,,,,,,,,,,,,,,,,,,,,,
,,,,,,,,,,,,,,,,,,,,,,,,,,
,,,,,,,,,,,,,,,,,,,,,,,,,,
,,,,,,,,,,,,,,,,,,,,,,,,,,
,,,,,,,,,,,,,,,,,,,,,,,,,,
,,,,,,,,,,,,,,,,,,,,,,,,,,
,,,,,,,,,,,,,,,,,,,,,,,,,,
,,,,,,,,,,,,,,,,,,,,,,,,,,
,,,,,,,,,,,,,,,,,,,,,,,,,,
,,,,,,,,,,,,,,,,,,,,,,,,,,
,,,,,,,,,,,,,,,,,,,,,,,,,,
,,,,,,,,,,,,,,,,,,,,,,,,,,
,,,,,,,,,,,,,,,,,,,,,,,,,,
,,,,,,,,,,,,,,,,,,,,,,,,,,
,,,,,,,,,,,,,,,,,,,,,,,,,,
,,,,,,,,,,,,,,,,,,,,,,,,,,
,,,,,,,,,,,,,,,,,,,,,,,,,,
,,,,,,,,,,,,,,,,,,,,,,,,,,
,,,,,,,,,,,,,,,,,,,,,,,,,,
,,,,,,,,,,,,,,,,,,,,,,,,,,
,,,,,,,,,,,,,,,,,,,,,,,,,,
,,,,,,,,,,,,,,,,,,,,,,,,,,
,,,,,,,,,,,,,,,,,,,,,,,,,,
,,,,,,,,,,,,,,,,,,,,,,,,,,
,,,,,,,,,,,,,,,,,,,,,,,,,,
,,,,,,,,,,,,,,,,,,,,,,,,,,
,,,,,,,,,,,,,,,,,,,,,,,,,,
,,,,,,,,,,,,,,,,,,,,,,,,,,
,,,,,,,,,,,,,,,,,,,,,,,,,,
,,,,,,,,,,,,,,,,,,,,,,,,,,
,,,,,,,,,,,,,,,,,,,,,,,,,,
,,,,,,,,,,,,,,,,,,,,,,,,,,
,,,,,,,,,,,,,,,,,,,,,,,,,,
,,,,,,,,,,,,,,,,,,,,,,,,,,
,,,,,,,,,,,,,,,,,,,,,,,,,,
,,,,,,,,,,,,,,,,,,,,,,,,,,
,,,,,,,,,,,,,,,,,,,,,,,,,,
,,,,,,,,,,,,,,,,,,,,,,,,,,
,,,,,,,,,,,,,,,,,,,,,,,,,,
,,,,,,,,,,,,,,,,,,,,,,,,,,
,,,,,,,,,,,,,,,,,,,,,,,,,,
,,,,,,,,,,,,,,,,,,,,,,,,,,
,,,,,,,,,,,,,,,,,,,,,,,,,,
,,,,,,,,,,,,,,,,,,,,,,,,,,
,,,,,,,,,,,,,,,,,,,,,,,,,,
,,,,,,,,,,,,,,,,,,,,,,,,,,
,,,,,,,,,,,,,,,,,,,,,,,,,,
,,,,,,,,,,,,,,,,,,,,,,,,,,
,,,,,,,,,,,,,,,,,,,,,,,,,,
,,,,,,,,,,,,,,,,,,,,,,,,,,
,,,,,,,,,,,,,,,,,,,,,,,,,,
,,,,,,,,,,,,,,,,,,,,,,,,,,
,,,,,,,,,,,,,,,,,,,,,,,,,,
,,,,,,,,,,,,,,,,,,,,,,,,,,
,,,,,,,,,,,,,,,,,,,,,,,,,,
,,,,,,,,,,,,,,,,,,,,,,,,,,
,,,,,,,,,,,,,,,,,,,,,,,,,,
,,,,,,,,,,,,,,,,,,,,,,,,,,
,,,,,,,,,,,,,,,,,,,,,,,,,,
,,,,,,,,,,,,,,,,,,,,,,,,,,
,,,,,,,,,,,,,,,,,,,,,,,,,,
,,,,,,,,,,,,,,,,,,,,,,,,,,
,,,,,,,,,,,,,,,,,,,,,,,,,,
,,,,,,,,,,,,,,,,,,,,,,,,,,
,,,,,,,,,,,,,,,,,,,,,,,,,,
,,,,,,,,,,,,,,,,,,,,,,,,,,
,,,,,,,,,,,,,,,,,,,,,,,,,,
,,,,,,,,,,,,,,,,,,,,,,,,,,
,,,,,,,,,,,,,,,,,,,,,,,,,,
,,,,,,,,,,,,,,,,,,,,,,,,,,
,,,,,,,,,,,,,,,,,,,,,,,,,,
,,,,,,,,,,,,,,,,,,,,,,,,,,
,,,,,,,,,,,,,,,,,,,,,,,,,,
,,,,,,,,,,,,,,,,,,,,,,,,,,
,,,,,,,,,,,,,,,,,,,,,,,,,,
,,,,,,,,,,,,,,,,,,,,,,,,,,
,,,,,,,,,,,,,,,,,,,,,,,,,,
,,,,,,,,,,,,,,,,,,,,,,,,,,
,,,,,,,,,,,,,,,,,,,,,,,,,,
,,,,,,,,,,,,,,,,,,,,,,,,,,
,,,,,,,,,,,,,,,,,,,,,,,,,,
,,,,,,,,,,,,,,,,,,,,,,,,,,
,,,,,,,,,,,,,,,,,,,,,,,,,,
,,,,,,,,,,,,,,,,,,,,,,,,,,
,,,,,,,,,,,,,,,,,,,,,,,,,,
,,,,,,,,,,,,,,,,,,,,,,,,,,
,,,,,,,,,,,,,,,,,,,,,,,,,,
,,,,,,,,,,,,,,,,,,,,,,,,,,
,,,,,,,,,,,,,,,,,,,,,,,,,,
,,,,,,,,,,,,,,,,,,,,,,,,,,
,,,,,,,,,,,,,,,,,,,,,,,,,,
,,,,,,,,,,,,,,,,,,,,,,,,,,
,,,,,,,,,,,,,,,,,,,,,,,,,,
,,,,,,,,,,,,,,,,,,,,,,,,,,
,,,,,,,,,,,,,,,,,,,,,,,,,,
,,,,,,,,,,,,,,,,,,,,,,,,,,
,,,,,,,,,,,,,,,,,,,,,,,,,,
,,,,,,,,,,,,,,,,,,,,,,,,,,
,,,,,,,,,,,,,,,,,,,,,,,,,,
,,,,,,,,,,,,,,,,,,,,,,,,,,
,,,,,,,,,,,,,,,,,,,,,,,,,,
,,,,,,,,,,,,,,,,,,,,,,,,,,
,,,,,,,,,,,,,,,,,,,,,,,,,,
,,,,,,,,,,,,,,,,,,,,,,,,,,
,,,,,,,,,,,,,,,,,,,,,,,,,,
,,,,,,,,,,,,,,,,,,,,,,,,,,
,,,,,,,,,,,,,,,,,,,,,,,,,,
,,,,,,,,,,,,,,,,,,,,,,,,,,
,,,,,,,,,,,,,,,,,,,,,,,,,,
,,,,,,,,,,,,,,,,,,,,,,,,,,
,,,,,,,,,,,,,,,,,,,,,,,,,,
,,,,,,,,,,,,,,,,,,,,,,,,,,
,,,,,,,,,,,,,,,,,,,,,,,,,,
,,,,,,,,,,,,,,,,,,,,,,,,,,
,,,,,,,,,,,,,,,,,,,,,,,,,,
,,,,,,,,,,,,,,,,,,,,,,,,,,
,,,,,,,,,,,,,,,,,,,,,,,,,,
,,,,,,,,,,,,,,,,,,,,,,,,,,
,,,,,,,,,,,,,,,,,,,,,,,,,,
,,,,,,,,,,,,,,,,,,,,,,,,,,
,,,,,,,,,,,,,,,,,,,,,,,,,,
,,,,,,,,,,,,,,,,,,,,,,,,,,
,,,,,,,,,,,,,,,,,,,,,,,,,,
,,,,,,,,,,,,,,,,,,,,,,,,,,
,,,,,,,,,,,,,,,,,,,,,,,,,,
,,,,,,,,,,,,,,,,,,,,,,,,,,
,,,,,,,,,,,,,,,,,,,,,,,,,,
,,,,,,,,,,,,,,,,,,,,,,,,,,
,,,,,,,,,,,,,,,,,,,,,,,,,,
,,,,,,,,,,,,,,,,,,,,,,,,,,
,,,,,,,,,,,,,,,,,,,,,,,,,,
,,,,,,,,,,,,,,,,,,,,,,,,,,
,,,,,,,,,,,,,,,,,,,,,,,,,,
,,,,,,,,,,,,,,,,,,,,,,,,,,
,,,,,,,,,,,,,,,,,,,,,,,,,,
,,,,,,,,,,,,,,,,,,,,,,,,,,
,,,,,,,,,,,,,,,,,,,,,,,,,,
,,,,,,,,,,,,,,,,,,,,,,,,,,
,,,,,,,,,,,,,,,,,,,,,,,,,,
,,,,,,,,,,,,,,,,,,,,,,,,,,
,,,,,,,,,,,,,,,,,,,,,,,,,,
,,,,,,,,,,,,,,,,,,,,,,,,,,
,,,,,,,,,,,,,,,,,,,,,,,,,,
,,,,,,,,,,,,,,,,,,,,,,,,,,
,,,,,,,,,,,,,,,,,,,,,,,,,,
,,,,,,,,,,,,,,,,,,,,,,,,,,
,,,,,,,,,,,,,,,,,,,,,,,,,,
,,,,,,,,,,,,,,,,,,,,,,,,,,
,,,,,,,,,,,,,,,,,,,,,,,,,,
,,,,,,,,,,,,,,,,,,,,,,,,,,
,,,,,,,,,,,,,,,,,,,,,,,,,,
,,,,,,,,,,,,,,,,,,,,,,,,,,
,,,,,,,,,,,,,,,,,,,,,,,,,,
,,,,,,,,,,,,,,,,,,,,,,,,,,
,,,,,,,,,,,,,,,,,,,,,,,,,,
,,,,,,,,,,,,,,,,,,,,,,,,,,
,,,,,,,,,,,,,,,,,,,,,,,,,,
,,,,,,,,,,,,,,,,,,,,,,,,,,
,,,,,,,,,,,,,,,,,,,,,,,,,,
,,,,,,,,,,,,,,,,,,,,,,,,,,
,,,,,,,,,,,,,,,,,,,,,,,,,,
,,,,,,,,,,,,,,,,,,,,,,,,,,
,,,,,,,,,,,,,,,,,,,,,,,,,,
,,,,,,,,,,,,,,,,,,,,,,,,,,
,,,,,,,,,,,,,,,,,,,,,,,,,,
,,,,,,,,,,,,,,,,,,,,,,,,,,
,,,,,,,,,,,,,,,,,,,,,,,,,,
,,,,,,,,,,,,,,,,,,,,,,,,,,
,,,,,,,,,,,,,,,,,,,,,,,,,,
,,,,,,,,,,,,,,,,,,,,,,,,,,
,,,,,,,,,,,,,,,,,,,,,,,,,,
,,,,,,,,,,,,,,,,,,,,,,,,,,
,,,,,,,,,,,,,,,,,,,,,,,,,,
,,,,,,,,,,,,,,,,,,,,,,,,,,
,,,,,,,,,,,,,,,,,,,,,,,,,,
,,,,,,,,,,,,,,,,,,,,,,,,,,