Label ,Type,Plot,Location,Date collected,Operator,Analysis Date Time,Dry_root_weight_g_measured,Dry_root_adjusted_g,Tin_weight_g,Pre_burn_g,Post_burn_g_with_tin,Bost_burn_g_no_tin,percent_root,ImageFileName,ImageAcqDeviceAndSoftwareInfo DateTimeModified,AnalysedRegionArea(cm2),AnalysedRegionWidth(cm),AnalysedRegionHeight(cm),Left Top Right Bottom  NExclusions,DevOrder Criteria,ImgType CalibMeth TPU Units PxSizeH PxSizeV [CalFile],PxClassif,Filters,Fractal PxMin PxMax,SoilVol(m3),Length(cm),LengthTen(cm)/RatioHypLeafToRootLen,ProjArea(cm2),ProjAreaTen(cm2)/RatioHypLeafToRootArea,SurfArea(cm2),SurfAreaTen(cm2),AvgDiam(mm),AvgDiamTen(mm),LenPerVol(cm/m3),LenPerVolTen(cm/m3),RootVolume(cm3),FractalDimension,FractalDeviation,Tips,Forks,Crossings,NofLinks,Altitude,ExternalPathLength,LinkAvgLength(cm),LinkAvgProjArea(cm2),LinkAvgSurfArea(cm2),LinkAvgDiam(mm),LinkAvgBrAngle(deg),NofNodules,HypocotylLeafArea,HypocotylLeafLength,NAxis,Main NAxis,Main TotLength,Lateral NAxis,Lateral TotLength,Tertiary NAxis,Tertiary TotLength,NSeedlings,NumberOfClasses,ClassBoundaries,0<.L.<=0.5000000,0.5000000<.L.<=1.0000000,1.0000000<.L.<=1.5000000,1.5000000<.L.<=2.0000000,2.0000000<.L.<=2.5000000,2.5000000<.L.<=3.0000000,3.0000000<.L.<=3.5000000,3.5000000<.L.<=4.0000000,4.0000000<.L.<=4.5000000,.L.>4.5000000,0<.SA.<=0.5000000,0.5000000<.SA.<=1.0000000,1.0000000<.SA.<=1.5000000,1.5000000<.SA.<=2.0000000,2.0000000<.SA.<=2.5000000,2.5000000<.SA.<=3.0000000,3.0000000<.SA.<=3.5000000,3.5000000<.SA.<=4.0000000,4.0000000<.SA.<=4.5000000,.SA.>4.5000000,0<.PA.<=0.5000000,0.5000000<.PA.<=1.0000000,1.0000000<.PA.<=1.5000000,1.5000000<.PA.<=2.0000000,2.0000000<.PA.<=2.5000000,2.5000000<.PA.<=3.0000000,3.0000000<.PA.<=3.5000000,3.5000000<.PA.<=4.0000000,4.0000000<.PA.<=4.5000000,.PA.>4.5000000,0<.V.<=0.5000000,0.5000000<.V.<=1.0000000,1.0000000<.V.<=1.5000000,1.5000000<.V.<=2.0000000,2.0000000<.V.<=2.5000000,2.5000000<.V.<=3.0000000,3.0000000<.V.<=3.5000000,3.5000000<.V.<=4.0000000,4.0000000<.V.<=4.5000000,.V.>4.5000000,0<.T.<=0.5000000,0.5000000<.T.<=1.0000000,1.0000000<.T.<=1.5000000,1.5000000<.T.<=2.0000000,2.0000000<.T.<=2.5000000,2.5000000<.T.<=3.0000000,3.0000000<.T.<=3.5000000,3.5000000<.T.<=4.0000000,4.0000000<.T.<=4.5000000,.T.>4.5000000,Column1
SampleId,,,,,COLOR,Name,,,,,,,,OwnerGroup,Specifications/NClass,Def Filt/Bg,Length(cm),ProjArea(cm2),SurfArea(cm2),AvgDiam(mm),Volume(cm3),Tips,,,,,,,,,,,,,,,,,,,,,,,,,,,,,,,,,,,,,,,,,,,,,,,,,,,,,,,,,,,,,,,,,,,,,,,,,,,,,,,,,,,,,,,,,,,
SampleId,,,,,LINK,Link#,,,,,,,,Seedling#,,Length(cm),ProjArea(cm2),SurfArea(cm2),AvgDiam(mm),EE-EI-II-IL-BL,Angle(deg),Magnitude,Altitude,Order,Father,Brother1,Brother2,Baby1,Baby2,Baby3,,,,,,,,,,,,,,,,,,,,,,,,,,,,,,,,,,,,,,,,,,,,,,,,,,,,,,,,,,,,,,,,,,,,,,,,,,,,,,,,,,,
SampleId,,,,,DEV,Order#,,,,,,,,Seedling#,NofLinks,TotalLength(cm),TotalProjArea(cm2),TotSurfArea(cm2),AvgLength(cm),AvgProjArea(cm2),AvgSurfArea(cm2),AvgDiam(mm),,,,,,,,,,,,,,,,,,,,,,,,,,,,,,,,,,,,,,,,,,,,,,,,,,,,,,,,,,,,,,,,,,,,,,,,,,,,,,,,,,,,,,,,,,,
SampleId,,,,,AXIS,Order#,,,,,,,,Seedling#,Axis#,TotalLength(cm),TotalProjArea(cm2),TotSurfArea(cm2),AvgLength(cm),AvgProjArea(cm2),AvgSurfArea(cm2),AvgDiam(mm),,,,,,,,,NofLinks,FirstLink#,SecondLink#,ThirdLink#,...,,,,,,,,,,,,,,,,,,,,,,,,,,,,,,,,,,,,,,,,,,,,,,,,,,,,,,,,,,,,,,,,,,,,,,,,,,,,,,
T3_3,Treatment,3,3,2022-06-26,KM,6/27/22 15:46,0.735,0.716625,,,,,,ScannerOrCamera,EPSON EPSON Scan 2 EPSON Expression 12000XL 2.2 V6.2 6.2.2.13428 ,214.3041,13.9371,15.3765,320 928 2512 3352  0,MAG ANG DIAM LEN,Grey Intr cm 0.006358 0.006343 Scanner.Cal,GreyThdAutom-140,Smooth Off Area Off LWRatio Off,Off,3.14,744.1294,0,38.4362,0,120.7508,0,0.5165,0,236.9839,0,1.559,,,1499,5150,640,,,,,,,,,0,,,,,,,,,,,10,0.0000000 0.5000000 1.0000000 1.5000000 2.0000000 2.5000000 3.0000000 3.5000000 4.0000000 4.5000000 ,510.7122,177.8815,34.7821,11.8253,3.7875,1.7056,2.1181,0.6358,0.4072,0.0555,37.2914,38.661,13.1932,6.3512,2.7129,1.4101,2.1326,0.7285,0.5193,0.0837,11.8702,12.3062,4.1995,2.0216,0.8635,0.4489,0.6788,0.2319,0.1653,0.0267,0.2681,0.6951,0.4033,0.2736,0.1552,0.0929,0.1711,0.0665,0.0527,0.01,1438,52,9,0,0,0,0,0,0,0,
T4_1,Treatment,4,1,2022-06-26,KM,6/27/22 15:49,0.521,0.507975,,,,,,ScannerOrCamera,,178.6358,12.0551,14.8183,480 1168 2376 3504  0,MAG ANG DIAM LEN,Grey Intr cm 0.006358 0.006343 Scanner.Cal,GreyThdAutom-143,Smooth Off Area Off LWRatio Off,Off,3.14,834.4641,0,38.0828,0,119.6407,0,0.4564,0,265.7529,0,1.365,,,1652,6453,1000,,,,,,,,,0,,,,,,,,,,,10,0.0000000 0.5000000 1.0000000 1.5000000 2.0000000 2.5000000 3.0000000 3.5000000 4.0000000 4.5000000 ,617.2483,162.5041,40.2366,10.085,2.8448,0.8328,0.278,0.102,0.0137,0,44.6027,34.3346,15.118,5.3628,1.9937,0.7106,0.2711,0.1165,0.0176,0,14.1975,10.929,4.8122,1.707,0.6346,0.2262,0.0863,0.0371,0.0056,0,0.3151,0.6021,0.4572,0.2284,0.1117,0.0484,0.0211,0.0106,0.0018,0,1614,33,5,0,0,0,0,0,0,0,
T4_2,Treatment,4,2,2022-06-26,KM,6/27/22 15:52,0.508,0.4953,1.763,0.129,1.765,0.002,0.984496124,ScannerOrCamera,EPSON EPSON Scan 2 EPSON Expression 12000XL 2.2 V6.2 6.2.2.13428 ,155.2905,13.0215,11.9257,392 1208 2440 3088  0,MAG ANG DIAM LEN,Grey Intr cm 0.006358 0.006343 Scanner.Cal,GreyThdAutom-140,Smooth Off Area Off LWRatio Off,Off,3.14,720.5712,0,32.9424,0,103.4916,0,0.4572,0,229.4813,0,1.183,,,1169,5405,843,,,,,,,,,0,,,,,,,,,,,10,0.0000000 0.5000000 1.0000000 1.5000000 2.0000000 2.5000000 3.0000000 3.5000000 4.0000000 4.5000000 ,535.7841,142.116,30.8162,7.6096,2.6553,0.9242,0.2517,0.2432,0.0137,0,39.1166,30.7411,11.4462,4.0292,1.8669,0.7901,0.2439,0.2824,0.0181,0,12.4512,9.7852,3.6434,1.2825,0.5943,0.2515,0.0776,0.0899,0.0057,0,0.2798,0.5513,0.3427,0.1708,0.1049,0.0538,0.0188,0.0261,0.0019,0,1132,32,5,0,0,0,0,0,0,0,
C2_1,Control,2,1,2022-06-26,KM,6/27/22 15:54,1.104,1.0764,,,,,,ScannerOrCamera,EPSON EPSON Scan 2 EPSON Expression 12000XL 2.2 V6.2 6.2.2.13428 ,317.8449,16.2261,19.5885,72 808 2624 3896  0,MAG ANG DIAM LEN,Grey Intr cm 0.006358 0.006343 Scanner.Cal,GreyThdAutom-139,Smooth Off Area Off LWRatio Off,Off,3.14,1398.0702,0,73.0165,0,229.3881,0,0.5223,0,445.2453,0,2.995,,,2783,11089,1353,,,,,,,,,0,,,,,,,,,,,10,0.0000000 0.5000000 1.0000000 1.5000000 2.0000000 2.5000000 3.0000000 3.5000000 4.0000000 4.5000000 ,962.4962,315.9088,74.2915,27.4639,9.6243,4.3495,1.6591,0.6359,0.0213,0.8964,71.5393,67.9472,27.973,14.7413,6.7283,3.7868,1.6685,0.7467,0.0489,1.3718,22.7717,21.6283,8.9041,4.6923,2.1417,1.2054,0.5311,0.2377,0.0156,0.4367,0.5183,1.2141,0.8484,0.6342,0.3759,0.263,0.1338,0.0697,0.0074,0.1675,2646,123,9,4,1,0,0,0,0,0,
T3_2,Treatment,3,2,2022-06-26,KM,6/27/22 15:57,1.313,1.280175,1.77,0.145,1.772,0.002,0.986206897,ScannerOrCamera,EPSON EPSON Scan 2 EPSON Expression 12000XL 2.2 V6.2 6.2.2.13428 ,333.148,15.0053,22.202,250 560 2610 4060  0,MAG ANG DIAM LEN,Grey Intr cm 0.006358 0.006343 Scanner.Cal,GreyThdAutom-140,Smooth Off Area Off LWRatio Off,Off,3.14,1216.2558,0,68.6976,0,215.8199,0,0.5648,0,387.3426,0,3.048,,,2540,8192,841,,,,,,,,,0,,,,,,,,,,,10,0.0000000 0.5000000 1.0000000 1.5000000 2.0000000 2.5000000 3.0000000 3.5000000 4.0000000 4.5000000 ,792.5329,310.822,67.6122,23.9182,10.1374,6.3327,3.0108,1.1736,0.3954,0.0587,60.9229,67.1823,25.2382,12.8538,7.1262,5.4235,3.0131,1.3547,0.5146,0.0837,19.3924,21.3848,8.0336,4.0915,2.2683,1.7264,0.9591,0.4312,0.1638,0.0266,0.4553,1.2066,0.7592,0.5539,0.4,0.3705,0.2404,0.1246,0.0533,0.0095,2409,113,17,1,0,0,0,0,0,0,
C2_3,Control,2,3,2022-06-26,KM,6/27/22 15:59,0.7,0.6825,,,,,,ScannerOrCamera,,276.162,14.5602,18.9669,370 670 2660 3660  0,MAG ANG DIAM LEN,Grey Intr cm 0.006358 0.006343 Scanner.Cal,GreyThdAutom-142,Smooth Off Area Off LWRatio Off,Off,3.14,1058.2832,0,49.6031,0,155.8327,0,0.4687,0,337.0329,0,1.826,,,2190,7432,1068,,,,,,,,,0,,,,,,,,,,,10,0.0000000 0.5000000 1.0000000 1.5000000 2.0000000 2.5000000 3.0000000 3.5000000 4.0000000 4.5000000 ,786.4423,213.8884,40.0468,12.4118,2.8493,1.5711,0.5722,0.2328,0,0,58.9953,45.6928,15.0735,6.6034,1.9295,1.34,0.5759,0.2864,0,0,18.7788,14.5445,4.7981,2.1019,0.6142,0.4265,0.1833,0.0912,0,0,0.4262,0.8091,0.4569,0.2815,0.1042,0.0913,0.0462,0.0281,0,0,2110,73,7,0,0,0,0,0,0,0,
C4_2,Control,4,2,2022-06-26,KM,6/27/22 16:01,0.517,0.504075,1.751,0.097,1.754,0.003,0.969072165,ScannerOrCamera,EPSON EPSON Scan 2 EPSON Expression 12000XL 2.2 V6.2 6.2.2.13428 ,212.279,10.9361,19.4109,800 730 2520 3790  0,MAG ANG DIAM LEN,Grey Intr cm 0.006358 0.006343 Scanner.Cal,GreyThdAutom-138,Smooth Off Area Off LWRatio Off,Off,3.14,499.5472,0,27.0322,0,84.9242,0,0.5411,0,159.0915,0,1.149,,,1037,3471,391,,,,,,,,,0,,,,,,,,,,,10,0.0000000 0.5000000 1.0000000 1.5000000 2.0000000 2.5000000 3.0000000 3.5000000 4.0000000 4.5000000 ,347.1787,102.7839,30.4929,12.2894,3.3775,1.7584,0.9415,0.473,0.1996,0,25.9951,22.0715,11.5757,6.5492,2.3889,1.4953,0.9552,0.55,0.8102,0,8.2745,7.0256,3.6847,2.0847,0.7604,0.476,0.3041,0.1751,0.2579,0,0.1882,0.3937,0.3538,0.2798,0.1349,0.1015,0.0773,0.051,0.0871,0,971,50,9,5,1,1,0,0,0,0,
T1_1,Treatment,1,1,2022-06-26,KM,6/27/22 16:03,0.193,0.188175,,,,,,ScannerOrCamera,,70.9412,7.8206,9.0711,890 1570 2120 3000  0,MAG ANG DIAM LEN,Grey Intr cm 0.006358 0.006343 Scanner.Cal,GreyThdAutom-143,Smooth Off Area Off LWRatio Off,Off,3.14,261.0048,0,10.3986,0,32.6681,0,0.3984,0,83.1225,0,0.325,,,590,1725,265,,,,,,,,,0,,,,,,,,,,,10,0.0000000 0.5000000 1.0000000 1.5000000 2.0000000 2.5000000 3.0000000 3.5000000 4.0000000 4.5000000 ,203.0637,48.028,7.6163,1.6887,0.4749,0.1015,0,0,0,0,13.284,10.0415,2.899,0.8975,0.323,0.0907,0,0,0,0,4.2284,3.1963,0.9228,0.2857,0.1028,0.0289,0,0,0,0,0.0893,0.1737,0.0891,0.0383,0.0175,0.0065,0,0,0,0,579,9,2,0,0,0,0,0,0,0,
T4_3,Treatment,4,3,2022-06-26,KM,6/27/22 16:05,0.432,0.4212,,,,,,ScannerOrCamera,EPSON EPSON Scan 2 EPSON Expression 12000XL 2.2 V6.2 6.2.2.13428 ,180.3597,11.0632,16.3026,560 920 2300 3490  0,MAG ANG DIAM LEN,Grey Intr cm 0.006358 0.006343 Scanner.Cal,GreyThdAutom-142,Smooth Off Area Off LWRatio Off,Off,3.14,633.2796,0,25.1102,0,78.8862,0,0.3965,0,201.6814,0,0.782,,,1168,4101,728,,,,,,,,,0,,,,,,,,,,,10,0.0000000 0.5000000 1.0000000 1.5000000 2.0000000 2.5000000 3.0000000 3.5000000 4.0000000 4.5000000 ,496.7202,117.6376,15.1431,3.0642,0.4828,0.073,0,0,0,0,35.1885,24.4027,5.6247,1.5909,0.3275,0.0621,0,0,0,0,11.2008,7.7676,1.7904,0.5064,0.1043,0.0198,0,0,0,0,0.2479,0.4196,0.1688,0.0661,0.0178,0.0042,0,0,0,0,1149,19,0,0,0,0,0,0,0,0,
C2_2,Control,2,2,2022-06-26,KM,6/27/22 16:08,0.893,0.870675,1.768,0.107,1.771,0.003,0.971962617,ScannerOrCamera,EPSON EPSON Scan 2 EPSON Expression 12000XL 2.2 V6.2 6.2.2.13428 ,354.2864,14.8146,23.9148,410 470 2740 4240  0,MAG ANG DIAM LEN,Grey Intr cm 0.006358 0.006343 Scanner.Cal,GreyThdAutom-141,Smooth Off Area Off LWRatio Off,Off,3.14,1362.1388,0,66.0766,0,207.5858,0,0.4851,0,433.8022,0,2.517,,,2566,10539,1432,,,,,,,,,0,,,,,,,,,,,10,0.0000000 0.5000000 1.0000000 1.5000000 2.0000000 2.5000000 3.0000000 3.5000000 4.0000000 4.5000000 ,1000.3768,255.5095,66.789,23.4103,10.0396,3.4294,1.2361,0.3711,0.0561,0.0883,71.3141,54.8042,25.316,12.5627,7.1331,2.9284,1.2434,0.422,0.0762,0.1458,22.7,17.4447,8.0583,3.9988,2.2705,0.9321,0.3958,0.1343,0.0243,0.0464,0.5047,0.9762,0.7735,0.5408,0.4049,0.1994,0.0997,0.0382,0.0082,0.0193,2481,72,10,3,0,0,0,0,0,0,
T1_2,Treatment,1,2,2022-06-26,KM,6/27/22 16:11,0.627,0.611325,1.763,0.142,1.768,0.005,0.964788732,ScannerOrCamera,EPSON EPSON Scan 2 EPSON Expression 12000XL 2.2 V6.2 6.2.2.13428 ,213.4003,11.7626,18.1422,440 490 2290 3350  0,MAG ANG DIAM LEN,Grey Intr cm 0.006358 0.006343 Scanner.Cal,GreyThdAutom-143,Smooth Off Area Off LWRatio Off,Off,3.14,748.7037,0,36.3209,0,114.1054,0,0.4851,0,238.4407,0,1.384,,,1626,5111,669,,,,,,,,,0,,,,,,,,,,,10,0.0000000 0.5000000 1.0000000 1.5000000 2.0000000 2.5000000 3.0000000 3.5000000 4.0000000 4.5000000 ,527.8671,168.9349,38.609,8.9354,2.8073,0.8317,0.4105,0.0206,0,0,38.8198,36.5,14.3834,4.7321,1.9832,0.7048,0.4225,0.0256,0,0,12.3567,11.6183,4.5784,1.5063,0.6313,0.2244,0.1345,0.0081,0,0,0.2827,0.6552,0.4317,0.2008,0.1119,0.0476,0.0347,0.0025,0,0,1560,61,5,0,0,0,0,0,0,0,
C3_1,Control,3,1,2022-06-26,KM,6/27/22 16:13,0.732,0.7137,,,,,,ScannerOrCamera,EPSON EPSON Scan 2 EPSON Expression 12000XL 2.2 V6.2 6.2.2.13428 ,279.3362,15.1325,18.4594,160 610 2540 3520  0,MAG ANG DIAM LEN,Grey Intr cm 0.006358 0.006343 Scanner.Cal,GreyThdAutom-141,Smooth Off Area Off LWRatio Off,Off,3.14,926.8007,0,47.8657,0,150.3746,0,0.5165,0,295.1595,0,1.942,,,1846,7296,843,,,,,,,,,0,,,,,,,,,,,10,0.0000000 0.5000000 1.0000000 1.5000000 2.0000000 2.5000000 3.0000000 3.5000000 4.0000000 4.5000000 ,641.6458,208.2128,47.5835,20.3942,6.3713,1.5246,0.7421,0.001,0.0952,0.0201,46.7063,44.6073,17.8919,10.8882,4.4832,1.3086,0.7418,0.0055,0.125,0.0311,14.8671,14.1989,5.6952,3.4658,1.427,0.4166,0.2361,0.0017,0.0398,0.0099,0.3373,0.7936,0.542,0.4658,0.2522,0.0896,0.0592,0.0009,0.0131,0.0038,1751,78,13,3,1,0,0,0,0,0,
T2_3,Treatment,2,3,2022-06-26,KM,6/27/22 16:21,0.912,0.8892,,,,,,ScannerOrCamera,EPSON EPSON Scan 2 EPSON Expression 12000XL 2.2 V6.2 6.2.2.13428 ,277.5575,12.9071,21.5042,500 590 2530 3980  0,MAG ANG DIAM LEN,Grey Intr cm 0.006358 0.006343 Scanner.Cal,GreyThdAutom-139,Smooth Off Area Off LWRatio Off,Off,3.14,807.8572,0,49.5089,0,155.5369,0,0.6128,0,257.2794,0,2.383,,,1555,6402,568,,,,,,,,,0,,,,,,,,,,,10,0.0000000 0.5000000 1.0000000 1.5000000 2.0000000 2.5000000 3.0000000 3.5000000 4.0000000 4.5000000 ,502.6888,198.1999,63.2754,23.9392,9.8192,4.5628,2.6357,1.2517,0.753,0.5746,37.7275,43.6771,23.8579,12.845,6.8516,3.9239,2.6143,1.4863,0.9626,0.8908,12.009,13.9029,7.5942,4.0887,2.1809,1.249,0.8322,0.4731,0.3064,0.2835,0.2771,0.8004,0.7253,0.5523,0.3821,0.2692,0.2067,0.1405,0.0979,0.1098,1476,69,4,4,0,0,0,1,0,1,
C3_3,Control,3,3,2022-06-26,KM,6/27/22 16:25,1.051,1.024725,,,,,,ScannerOrCamera,EPSON EPSON Scan 2 EPSON Expression 12000XL 2.2 V6.2 6.2.2.13428 ,321.8872,14.751,21.8214,350 660 2670 4100  0,MAG ANG DIAM LEN,Grey Intr cm 0.006358 0.006343 Scanner.Cal,GreyThdAutom-142,Smooth Off Area Off LWRatio Off,Off,3.14,1312.8927,0,58.4671,0,183.6798,0,0.4453,0,418.1187,0,2.045,,,2499,9987,1492,,,,,,,,,0,,,,,,,,,,,10,0.0000000 0.5000000 1.0000000 1.5000000 2.0000000 2.5000000 3.0000000 3.5000000 4.0000000 4.5000000 ,974.3369,266.5527,54.6307,12.5838,3.3252,0.6864,0.0159,0.0069,0,0,68.6938,57.1353,20.4804,6.6986,2.2716,0.5943,0.0152,0.0076,0,0,21.8659,18.1867,6.5191,2.1322,0.7231,0.1892,0.0048,0.0024,0,0,0.4836,1.0149,0.6185,0.2857,0.1239,0.0411,0.0012,0.0007,0,0,2423,69,5,2,0,0,0,0,0,0,
C3_2,Control,3,2,2022-06-26,KM,6/27/22 16:28,0.582,0.56745,1.735,0.133,1.738,0.003,0.977443609,ScannerOrCamera,EPSON EPSON Scan 2 EPSON Expression 12000XL 2.2 V6.2 6.2.2.13428 ,249.0382,15.6411,15.922,190 1070 2650 3580  0,MAG ANG DIAM LEN,Grey Intr cm 0.006358 0.006343 Scanner.Cal,GreyThdAutom-142,Smooth Off Area Off LWRatio Off,Off,3.14,607.3894,0,29.8202,0,93.683,0,0.491,0,193.4361,0,1.15,,,1198,3845,501,,,,,,,,,0,,,,,,,,,,,10,0.0000000 0.5000000 1.0000000 1.5000000 2.0000000 2.5000000 3.0000000 3.5000000 4.0000000 4.5000000 ,439.7905,121.8052,27.5554,11.8796,3.127,1.8982,0.6275,0.4959,0.1312,0.0455,32.3848,25.5074,10.6001,6.2464,2.2233,1.5885,0.6205,0.5673,0.1729,0.0686,10.3084,8.1193,3.3741,1.9883,0.7077,0.5056,0.1975,0.1806,0.0551,0.0218,0.2329,0.4417,0.3284,0.263,0.1265,0.106,0.0489,0.0517,0.0182,0.0083,1144,48,4,1,1,0,0,0,0,0,
T3_1,Treatment,3,1,2022-06-26,KM,6/27/22 16:30,0.899,0.876525,,,,,,ScannerOrCamera,EPSON EPSON Scan 2 EPSON Expression 12000XL 2.2 V6.2 6.2.2.13428 ,250.5306,13.4793,18.5863,190 900 2310 3830  0,MAG ANG DIAM LEN,Grey Intr cm 0.006358 0.006343 Scanner.Cal,GreyThdAutom-139,Smooth Off Area Off LWRatio Off,Off,3.14,974.5166,0,48.1271,0,151.1959,0,0.4939,0,310.3556,0,1.867,,,2121,7854,957,,,,,,,,,0,,,,,,,,,,,10,0.0000000 0.5000000 1.0000000 1.5000000 2.0000000 2.5000000 3.0000000 3.5000000 4.0000000 4.5000000 ,686.6467,207.8455,51.9856,19.0853,5.5224,1.9007,0.3793,0.462,0.0434,0,49.247,45.2984,19.3576,10.213,3.8852,1.6339,0.3673,0.5296,0.056,0,15.6758,14.4189,6.1617,3.2509,1.2367,0.5201,0.1169,0.1686,0.0178,0,0.3545,0.8209,0.581,0.4378,0.2186,0.1121,0.0283,0.0483,0.0058,0,2069,51,1,0,0,0,0,0,0,0,
C4_3,Control,4,3,2022-06-26,KM,6/27/22 16:32,0.926,0.90285,,,,,,ScannerOrCamera,EPSON EPSON Scan 2 EPSON Expression 12000XL 2.2 V6.2 6.2.2.13428 ,251.7728,13.7337,18.3325,190 690 2350 3580  0,MAG ANG DIAM LEN,Grey Intr cm 0.006358 0.006343 Scanner.Cal,GreyThdAutom-136,Smooth Off Area Off LWRatio Off,Off,3.14,795.7031,0,44.2595,0,139.0453,0,0.5562,0,253.4086,0,1.934,,,1330,5761,691,,,,,,,,,0,,,,,,,,,,,10,0.0000000 0.5000000 1.0000000 1.5000000 2.0000000 2.5000000 3.0000000 3.5000000 4.0000000 4.5000000 ,521.8191,181.3581,61.133,19.2052,8.1265,1.6664,1.3641,0.4653,0.1168,0.0248,38.7276,38.5135,23.4079,10.3094,5.6542,1.4083,1.3898,0.5367,0.1526,0.0385,12.3274,12.2592,7.451,3.2816,1.7998,0.4483,0.4424,0.1708,0.0486,0.0122,0.2828,0.6794,0.7216,0.4436,0.3146,0.0949,0.1129,0.0493,0.0159,0.0047,1251,56,19,2,2,0,0,0,0,0,
C1_3,Control,1,3,2022-06-26,KM,6/27/22 16:35,0.659,0.642525,,,,,,ScannerOrCamera,EPSON EPSON Scan 2 EPSON Expression 12000XL 2.2 V6.2 6.2.2.13428 ,220.2649,14.1152,15.6049,200 1330 2420 3790  0,MAG ANG DIAM LEN,Grey Intr cm 0.006358 0.006343 Scanner.Cal,GreyThdAutom-140,Smooth Off Area Off LWRatio Off,Off,3.14,991.9798,0,46.7852,0,146.9801,0,0.4716,0,315.9171,0,1.733,,,2073,8919,1305,,,,,,,,,0,,,,,,,,,,,10,0.0000000 0.5000000 1.0000000 1.5000000 2.0000000 2.5000000 3.0000000 3.5000000 4.0000000 4.5000000 ,738.924,173.6218,47.3304,17.8306,7.358,3.5751,2.1948,0.3148,0.3796,0.1577,48.0821,37.5223,17.6934,9.5896,5.1195,3.0165,2.217,0.357,0.4999,0.3502,15.305,11.9437,5.632,3.0525,1.6296,0.9602,0.7057,0.1136,0.1591,0.1115,0.3212,0.6728,0.5324,0.4136,0.2845,0.2029,0.1786,0.0322,0.0524,0.0582,2023,41,4,3,2,0,0,0,0,0,
C4_1,Control,4,1,2022-06-26,KM,6/27/22 16:37,0.558,0.54405,,,,,,ScannerOrCamera,,189.3862,10.9361,17.3176,540 940 2260 3670  0,MAG ANG DIAM LEN,Grey Intr cm 0.006358 0.006343 Scanner.Cal,GreyThdAutom-138,Smooth Off Area Off LWRatio Off,Off,3.14,667.4094,0,32.9934,0,103.652,0,0.4944,0,212.5508,0,1.281,,,1059,5130,696,,,,,,,,,0,,,,,,,,,,,10,0.0000000 0.5000000 1.0000000 1.5000000 2.0000000 2.5000000 3.0000000 3.5000000 4.0000000 4.5000000 ,477.3389,135.9101,34.5619,11.3365,5.716,1.5783,0.488,0.2803,0.0756,0,34.6478,29.256,12.9556,6.0406,3.9907,1.3649,0.5109,0.3248,0.1047,0,11.0287,9.3125,4.1239,1.9228,1.2703,0.4344,0.1626,0.1034,0.0333,0,0.2479,0.5228,0.3918,0.2578,0.2226,0.0942,0.0426,0.03,0.0115,0,1012,40,7,0,0,0,0,0,0,0,
C1_2,Control,1,2,2022-06-26,KM,6/27/22 16:39,0.545,0.531375,1.773,0.12,1.776,0.003,0.975,ScannerOrCamera,,181.6786,10.491,17.3176,420 810 2070 3540  0,MAG ANG DIAM LEN,Grey Intr cm 0.006358 0.006343 Scanner.Cal,GreyThdAutom-138,Smooth Off Area Off LWRatio Off,Off,3.14,756.5868,0,39.9641,0,125.5509,0,0.5282,0,240.9512,0,1.658,,,1430,7608,1048,,,,,,,,,0,,,,,,,,,,,10,0.0000000 0.5000000 1.0000000 1.5000000 2.0000000 2.5000000 3.0000000 3.5000000 4.0000000 4.5000000 ,525.0569,155.1712,40.7113,20.4698,8.5428,3.8264,1.2564,0.4554,0.7323,0.3447,35.4762,33.7206,15.4603,11.0994,5.9612,3.2944,1.2395,0.5413,0.9826,0.5261,11.2924,10.7336,4.9212,3.5331,1.8975,1.0486,0.3946,0.1723,0.3128,0.1675,0.2461,0.6086,0.4731,0.4825,0.3325,0.2261,0.0975,0.0514,0.105,0.0643,1389,38,3,0,0,0,0,0,0,0,
T1_3,Treatment,1,3,2022-06-26,KM,6/27/22 16:42,0.318,0.31005,,,,,,ScannerOrCamera,EPSON EPSON Scan 2 EPSON Expression 12000XL 2.2 V6.2 6.2.2.13428 ,178.4238,12.8435,13.8921,470 1140 2490 3330  0,MAG ANG DIAM LEN,Grey Intr cm 0.006358 0.006343 Scanner.Cal,GreyThdAutom-142,Smooth Off Area Off LWRatio Off,Off,3.14,473.2729,0,23.8506,0,74.929,0,0.504,0,150.7239,0,0.944,,,1032,3296,357,,,,,,,,,0,,,,,,,,,,,10,0.0000000 0.5000000 1.0000000 1.5000000 2.0000000 2.5000000 3.0000000 3.5000000 4.0000000 4.5000000 ,341.5477,93.1287,26.657,8.37,2.2718,0.4955,0.5717,0,0.0047,0.1227,26.1368,19.9163,10.2268,4.4639,1.5791,0.4241,0.5813,0,0.1922,0.1975,8.3196,6.3395,3.2553,1.4209,0.5026,0.135,0.185,0,0.0612,0.0629,0.1922,0.3546,0.3158,0.1907,0.0876,0.029,0.0471,0,0.0197,0.0254,986,40,6,0,0,0,0,0,0,0,
C1_1,Control,1,1,2022-06-26,KM,6/27/22 16:44,0.609,0.593775,,,,,,ScannerOrCamera,EPSON EPSON Scan 2 EPSON Expression 12000XL 2.2 V6.2 6.2.2.13428 ,194.8916,11.254,17.3176,450 1110 2220 3840  0,MAG ANG DIAM LEN,Grey Intr cm 0.006358 0.006343 Scanner.Cal,GreyThdAutom-140,Smooth Off Area Off LWRatio Off,Off,3.14,973.6919,0,46.8993,0,147.3386,0,0.4817,0,310.093,0,1.774,,,1761,8135,1150,,,,,,,,,0,,,,,,,,,,,10,0.0000000 0.5000000 1.0000000 1.5000000 2.0000000 2.5000000 3.0000000 3.5000000 4.0000000 4.5000000 ,706.7538,196.8962,46.0133,15.2825,5.0716,2.3861,0.4389,0.5562,0.0931,0.0672,50.6829,42.4781,17.2329,8.1889,3.4907,2.0405,0.4186,0.6481,0.1246,0.1017,16.1329,13.5212,5.4854,2.6066,1.1111,0.6495,0.1333,0.2063,0.0397,0.0324,0.3578,0.7606,0.5197,0.3517,0.192,0.1391,0.0317,0.0602,0.0133,0.0123,1713,43,5,0,0,0,0,0,0,0,
T1_4,Treatment,1,4,2022-06-26,KM,6/27/22 16:51,0.849,0.827775,,,,,,ScannerOrCamera,,259.5409,14.3059,18.1422,340 650 2590 3510  0,MAG ANG DIAM LEN,Grey Intr cm 0.006358 0.006343 Scanner.Cal,GreyThdAutom-138,Smooth Off Area Off LWRatio Off,Off,3.14,944.9174,0,53.3509,0,167.6068,0,0.5646,0,300.9291,0,2.366,,,1749,7441,833,,,,,,,,,0,,,,,,,,,,,10,0.0000000 0.5000000 1.0000000 1.5000000 2.0000000 2.5000000 3.0000000 3.5000000 4.0000000 4.5000000 ,610.9505,233.0918,63.7356,22.1301,8.921,2.8388,0.9725,0.6758,0.8354,0.4612,47.6106,50.6114,24.0124,11.8317,6.2615,2.4507,0.9816,0.7802,1.1,0.7134,15.1549,16.1101,7.6434,3.7661,1.9931,0.7801,0.3125,0.2483,0.3501,0.2271,0.358,0.912,0.7288,0.507,0.3511,0.1688,0.0791,0.0717,0.1154,0.0881,1668,72,6,2,0,1,0,0,0,0,
C2_4,Control,2,4,2022-06-26,KM,6/27/22 16:54,1.241,1.209975,,,,,,ScannerOrCamera,,268.6036,15.0689,17.8251,110 720 2480 3530  0,MAG ANG DIAM LEN,Grey Intr cm 0.006358 0.006343 Scanner.Cal,GreyThdAutom-135,Smooth Off Area Off LWRatio Off,Off,3.14,1062.7946,0,71.533,0,224.7276,0,0.6731,0,338.4696,0,3.781,,,1806,10188,914,,,,,,,,,0,,,,,,,,,,,10,0.0000000 0.5000000 1.0000000 1.5000000 2.0000000 2.5000000 3.0000000 3.5000000 4.0000000 4.5000000 ,664.8297,244.945,72.3292,37.5019,18.0441,7.6262,5.8718,4.3741,3.1461,3.5996,50.4029,53.1838,27.4839,20.2056,12.6649,6.563,5.9346,5.1417,4.1477,5.9261,16.0437,16.9289,8.7484,6.4316,4.0314,2.0891,1.8891,1.6366,1.3203,1.8863,0.3691,0.9595,0.8417,0.8728,0.7099,0.4507,0.4782,0.4814,0.4357,0.7868,1712,81,9,4,0,0,0,0,0,0,
T4_4,Treatment,4,4,2022-06-26,KM,6/27/22 16:56,0.819,0.798525,,,,,,ScannerOrCamera,EPSON EPSON Scan 2 EPSON Expression 12000XL 2.2 V6.2 6.2.2.13428 ,262.2472,16.3405,16.0489,250 1030 2820 3560  0,MAG ANG DIAM LEN,Grey Intr cm 0.006358 0.006343 Scanner.Cal,GreyThdAutom-138,Smooth Off Area Off LWRatio Off,Off,3.14,931.9779,0,49.483,0,155.4555,0,0.5309,0,296.8083,0,2.063,,,1763,7585,888,,,,,,,,,0,,,,,,,,,,,10,0.0000000 0.5000000 1.0000000 1.5000000 2.0000000 2.5000000 3.0000000 3.5000000 4.0000000 4.5000000 ,668.1616,167.2896,50.1396,23.5003,12.7282,4.9762,1.5919,1.7349,0.9923,0.7189,46.4139,36.4342,19.1522,12.8226,8.9108,4.2635,1.6177,2.0562,1.3313,1.1483,14.774,11.5974,6.0963,4.0816,2.8364,1.3571,0.5149,0.6545,0.4238,0.3655,0.3235,0.6591,0.5892,0.561,0.4982,0.2914,0.1311,0.1941,0.1423,0.1476,1694,56,12,1,0,0,0,0,0,0,
C3_4,Control,3,4,2022-06-26,KM,6/27/22 16:58,0.877,0.855075,,,,,,ScannerOrCamera,,340.2466,14.1152,24.1051,280 330 2500 4130  0,MAG ANG DIAM LEN,Grey Intr cm 0.006358 0.006343 Scanner.Cal,GreyThdAutom-139,Smooth Off Area Off LWRatio Off,Off,3.14,1240.1068,0,62.3517,0,195.8837,0,0.5028,0,394.9385,0,2.462,,,2606,10581,1306,,,,,,,,,0,,,,,,,,,,,10,0.0000000 0.5000000 1.0000000 1.5000000 2.0000000 2.5000000 3.0000000 3.5000000 4.0000000 4.5000000 ,891.7149,249.2665,58.9381,23.3047,8.8937,4.3763,1.5093,0.9642,0.0733,0.67,64.877,53.1293,22.0647,12.431,6.1916,3.7696,1.5603,1.119,0.0929,1.0139,20.651,16.9116,7.0234,3.9569,1.9709,1.1999,0.4967,0.3562,0.0296,0.3227,0.467,0.9393,0.6655,0.5315,0.3443,0.259,0.1285,0.1034,0.0093,0.1224,2469,121,15,1,0,0,0,0,0,0,
C1_4,Control,1,4,2022-06-26,KM,6/27/22 17:00,0.735,0.716625,,,,,,ScannerOrCamera,EPSON EPSON Scan 2 EPSON Expression 12000XL 2.2 V6.2 6.2.2.13428 ,190.6284,13.4158,14.2093,450 780 2560 3020  0,MAG ANG DIAM LEN,Grey Intr cm 0.006358 0.006343 Scanner.Cal,GreyThdAutom-139,Smooth Off Area Off LWRatio Off,Off,3.14,789.3777,0,40.5028,0,127.2434,0,0.5131,0,251.3942,0,1.632,,,1612,6945,984,,,,,,,,,0,,,,,,,,,,,10,0.0000000 0.5000000 1.0000000 1.5000000 2.0000000 2.5000000 3.0000000 3.5000000 4.0000000 4.5000000 ,552.2134,155.56,50.4444,20.2129,6.5679,2.7352,0.896,0.2789,0.2815,0.0137,38.0802,33.3448,19.2229,10.9606,4.6376,2.3358,0.8903,0.3236,0.3901,0.0199,12.1213,10.614,6.1188,3.4889,1.4762,0.7435,0.2834,0.103,0.1242,0.0063,0.2669,0.5936,0.5897,0.4763,0.2618,0.1591,0.0705,0.03,0.0429,0.0023,1571,38,3,0,0,0,0,0,0,0,
T2_4,Treatment,2,4,2022-06-26,KM,6/27/22 17:03,1.475,1.438125,,,,,,ScannerOrCamera,EPSON EPSON Scan 2 EPSON Expression 12000XL 2.2 V6.2 6.2.2.13428 ,370.4477,16.4041,22.5826,240 350 2820 3910  0,MAG ANG DIAM LEN,Grey Intr cm 0.006358 0.006343 Scanner.Cal,GreyThdAutom-135,Smooth Off Area Off LWRatio Off,Off,3.14,1087.9192,0,74.8631,0,235.1894,0,0.6881,0,346.4711,0,4.046,,,1964,9794,931,,,,,,,,,0,,,,,,,,,,,10,0.0000000 0.5000000 1.0000000 1.5000000 2.0000000 2.5000000 3.0000000 3.5000000 4.0000000 4.5000000 ,682.1565,235.4908,75.3713,38.5577,24.4313,13.6266,7.4887,5.808,1.378,3.4554,50.6597,51.3956,28.8284,20.7119,17.1381,11.7658,7.7371,6.8835,1.7923,6.0643,16.1255,16.3597,9.1764,6.5928,5.4552,3.7452,2.4628,2.1911,0.5705,1.9303,0.3718,0.9322,0.8894,0.8916,0.9606,0.8106,0.6373,0.6503,0.1858,0.8612,1868,74,13,8,1,0,0,0,0,0,
T2_1,Treatment,2,1,2022-06-26,KM,7/11/22 15:25,0.589,0.574275,,,,,,T2_1_6_26.TIF,Regent Instruments Inc. WinRHIZO Reg 2017a,155.5487,13.3267,11.6719,368 1264 2464 3104 0,MAG ANG DIAM LEN,Grey Intr cm 0.006358 0.006343 Scanner.Cal,GreyThdAutom-138,Smooth Off Area Off LWRatio Off,Off,3.14,404.996,0,22.448,0,70.5224,0,0.5543,0,128.9796,0,0.977,,,770,2549,262,,,,,,,,,0,,,,,,,,,,,10,0.0000000 0.5000000 1.0000000 1.5000000 2.0000000 2.5000000 3.0000000 3.5000000 4.0000000 4.5000000,255.7921,104.5103,33.2297,8.7198,1.6386,0.4961,0.3918,0.0184,0.1344,0.0259,19.5057,23.1702,12.3237,4.5958,1.1167,0.4191,0.3978,0.0218,0.1733,0.0373,6.2089,7.3753,3.9228,1.4629,0.3555,0.1334,0.1266,0.0069,0.0552,0.0119,0.1457,0.4285,0.368,0.1939,0.0607,0.0282,0.0322,0.0021,0.0178,0.0043,734,30,4,1,0,1,0,0,0,0,
T2_2,Treatment,2,2,2022-06-26,KM,7/11/22 15:26,0.651,0.634725,1.755,0.128,1.759,0.004,0.96875,T2_2_6_26.TIF,Regent Instruments Inc. WinRHIZO Reg 2017a,204.7636,11.4956,17.8124,440 952 2248 3760 0,MAG ANG DIAM LEN,Grey Intr cm 0.006358 0.006343 Scanner.Cal,GreyThdAutom-141,Smooth Off Area Off LWRatio Off,Off,3.14,613.6193,0,31.366,0,98.539,0,0.5112,0,195.4202,0,1.259,,,1246,4306,497,,,,,,,,,0,,,,,,,,,,,10,0.0000000 0.5000000 1.0000000 1.5000000 2.0000000 2.5000000 3.0000000 3.5000000 4.0000000 4.5000000,413.355,150.8829,33.9412,10.9557,2.678,0.8716,0.7339,0.0994,0,0,30.6935,32.6862,12.7397,5.8516,1.8669,0.7554,0.715,0.1112,0,0,9.77,10.4043,4.0552,1.8626,0.5942,0.2404,0.2276,0.0354,0,0,0.2247,0.5882,0.3854,0.2504,0.104,0.0522,0.0555,0.0099,0,0,1197,43,6,0,0,0,0,0,0,0,