RHIZO 2017a,Operator,Analysis Date Time,Dry_root_weight_g_measured,Dry_root_adjusted_g,Tin_weight_g,Pre_burn_g,Post_burn_g_with_tin,Bost_burn_g_no_tin,percent_root,ImageFileName,ImageAcqDeviceAndSoftwareInfo DateTimeModified,AnalysedRegionArea(cm2),AnalysedRegionWidth(cm),AnalysedRegionHeight(cm),Left Top Right Bottom  NExclusions,DevOrder Criteria,ImgType CalibMeth TPU Units PxSizeH PxSizeV [CalFile],PxClassif,Filters,Fractal PxMin PxMax,SoilVol(m3),Length(cm),LengthTen(cm)/RatioHypLeafToRootLen,ProjArea(cm2),ProjAreaTen(cm2)/RatioHypLeafToRootArea,SurfArea(cm2),SurfAreaTen(cm2),AvgDiam(mm),AvgDiamTen(mm),LenPerVol(cm/m3),LenPerVolTen(cm/m3),RootVolume(cm3),FractalDimension,FractalDeviation,Tips,Forks,Crossings,NofLinks,Altitude,ExternalPathLength,LinkAvgLength(cm),LinkAvgProjArea(cm2),LinkAvgSurfArea(cm2),LinkAvgDiam(mm),LinkAvgBrAngle(deg),NofNodules,HypocotylLeafArea,HypocotylLeafLength,NAxis,Main NAxis,Main TotLength,Lateral NAxis,Lateral TotLength,Tertiary NAxis,Tertiary TotLength,NSeedlings,NumberOfClasses,ClassBoundaries,0<.L.<=0.5000000,0.5000000<.L.<=1.0000000,1.0000000<.L.<=1.5000000,1.5000000<.L.<=2.0000000,2.0000000<.L.<=2.5000000,2.5000000<.L.<=3.0000000,3.0000000<.L.<=3.5000000,3.5000000<.L.<=4.0000000,4.0000000<.L.<=4.5000000,.L.>4.5000000,0<.SA.<=0.5000000,0.5000000<.SA.<=1.0000000,1.0000000<.SA.<=1.5000000,1.5000000<.SA.<=2.0000000,2.0000000<.SA.<=2.5000000,2.5000000<.SA.<=3.0000000,3.0000000<.SA.<=3.5000000,3.5000000<.SA.<=4.0000000,4.0000000<.SA.<=4.5000000,.SA.>4.5000000,0<.PA.<=0.5000000,0.5000000<.PA.<=1.0000000,1.0000000<.PA.<=1.5000000,1.5000000<.PA.<=2.0000000,2.0000000<.PA.<=2.5000000,2.5000000<.PA.<=3.0000000,3.0000000<.PA.<=3.5000000,3.5000000<.PA.<=4.0000000,4.0000000<.PA.<=4.5000000,.PA.>4.5000000,0<.V.<=0.5000000,0.5000000<.V.<=1.0000000,1.0000000<.V.<=1.5000000,1.5000000<.V.<=2.0000000,2.0000000<.V.<=2.5000000,2.5000000<.V.<=3.0000000,3.0000000<.V.<=3.5000000,3.5000000<.V.<=4.0000000,4.0000000<.V.<=4.5000000,.V.>4.5000000,0<.T.<=0.5000000,0.5000000<.T.<=1.0000000,1.0000000<.T.<=1.5000000,1.5000000<.T.<=2.0000000,2.0000000<.T.<=2.5000000,2.5000000<.T.<=3.0000000,3.0000000<.T.<=3.5000000,3.5000000<.T.<=4.0000000,4.0000000<.T.<=4.5000000,.T.>4.5000000
SampleId,COLOR,Name,,,,,,,,OwnerGroup,Specifications/NClass,Def Filt/Bg,Length(cm),ProjArea(cm2),SurfArea(cm2),AvgDiam(mm),Volume(cm3),Tips,,,,,,,,,,,,,,,,,,,,,,,,,,,,,,,,,,,,,,,,,,,,,,,,,,,,,,,,,,,,,,,,,,,,,,,,,,,,,,,,,,,,,,,,,,
SampleId,LINK,Link#,,,,,,,,Seedling#,,Length(cm),ProjArea(cm2),SurfArea(cm2),AvgDiam(mm),EE-EI-II-IL-BL,Angle(deg),Magnitude,Altitude,Order,Father,Brother1,Brother2,Baby1,Baby2,Baby3,,,,,,,,,,,,,,,,,,,,,,,,,,,,,,,,,,,,,,,,,,,,,,,,,,,,,,,,,,,,,,,,,,,,,,,,,,,,,,,,,,
SampleId,DEV,Order#,,,,,,,,Seedling#,NofLinks,TotalLength(cm),TotalProjArea(cm2),TotSurfArea(cm2),AvgLength(cm),AvgProjArea(cm2),AvgSurfArea(cm2),AvgDiam(mm),,,,,,,,,,,,,,,,,,,,,,,,,,,,,,,,,,,,,,,,,,,,,,,,,,,,,,,,,,,,,,,,,,,,,,,,,,,,,,,,,,,,,,,,,,
SampleId,AXIS,Order#,,,,,,,,Seedling#,Axis#,TotalLength(cm),TotalProjArea(cm2),TotSurfArea(cm2),AvgLength(cm),AvgProjArea(cm2),AvgSurfArea(cm2),AvgDiam(mm),,,,,,,,,NofLinks,FirstLink#,SecondLink#,ThirdLink#,...,,,,,,,,,,,,,,,,,,,,,,,,,,,,,,,,,,,,,,,,,,,,,,,,,,,,,,,,,,,,,,,,,,,,,,,,,,,,,
C4_3,km,7/25/22 19:14,1.644,,,,,,,ScannerOrCamera,EPSON EPSON Scan 2 EPSON Expression 12000XL 2.2 V6.2 6.2.2.13428 ,522.0833,17.9936,29.0149,0 0 2830 4574  0,MAG ANG DIAM LEN,Grey Intr cm 0.006358 0.006343 Scanner.Cal,GreyThdAutom-139,Smooth Off Area Off LWRatio Off,Off,3.14,1121.2046,0,62.2585,0,195.5908,0,0.5553,0,357.0715,0,2.715,,,2056,6147,717,,,,,,,,,0,,,,,,,,,,,10,0.0000000 0.5000000 1.0000000 1.5000000 2.0000000 2.5000000 3.0000000 3.5000000 4.0000000 4.5000000 ,743.2086,267.2892,70.1171,23.0087,10.2997,3.7592,1.1117,1.4837,0.6228,0.0815,56.1859,57.2764,26.6642,12.2826,7.2058,3.2149,1.055,1.6795,0.8067,0.1212,17.8845,18.2316,8.4875,3.9097,2.2937,1.0233,0.3358,0.5346,0.2568,0.0386,0.4141,1.019,0.8168,0.5259,0.4031,0.2193,0.0795,0.1512,0.0832,0.0144,1891,131,27,5,2,0,0,0,0,0
C2_1,km,7/25/22 19:19,1.252,,,,,,,ScannerOrCamera,EPSON EPSON Scan 2 EPSON Expression 12000XL 2.2 V6.2 6.2.2.13428 ,334.0999,14.8781,22.4558,400 750 2740 4290  0,MAG ANG DIAM LEN,Grey Intr cm 0.006358 0.006343 Scanner.Cal,GreyThdAutom-137,Smooth Off Area Off LWRatio Off,Off,3.14,1097.4623,0,64.5782,0,202.8784,0,0.5884,0,349.5103,0,2.985,,,3270,8910,745,,,,,,,,,0,,,,,,,,,,,10,0.0000000 0.5000000 1.0000000 1.5000000 2.0000000 2.5000000 3.0000000 3.5000000 4.0000000 4.5000000 ,717.3418,247.9979,73.2177,30.6572,12.8463,5.9169,4.7983,2.0789,1.1353,1.0196,51.5704,53.5281,28.0382,16.5812,8.9785,5.1498,4.7958,2.4255,1.4958,1.6463,16.4154,17.0385,8.9248,5.278,2.8579,1.6392,1.5266,0.7721,0.4761,0.524,0.3736,0.9589,0.8661,0.7191,0.5013,0.3578,0.3823,0.2256,0.1571,0.2127,3149,94,18,8,0,0,0,1,0,0
T2_4,km,7/25/22 19:22,0.793,,,,,,,ScannerOrCamera,EPSON EPSON Scan 2 EPSON Expression 12000XL 2.2 V6.2 6.2.2.13428 ,292.8758,14.9417,19.6012,190 480 2540 3570  0,MAG ANG DIAM LEN,Grey Intr cm 0.006358 0.006343 Scanner.Cal,GreyThdAutom-140,Smooth Off Area Off LWRatio Off,Off,3.14,903.7624,0,44.7563,0,140.6059,0,0.4952,0,287.8224,0,1.741,,,3006,6653,677,,,,,,,,,0,,,,,,,,,,,10,0.0000000 0.5000000 1.0000000 1.5000000 2.0000000 2.5000000 3.0000000 3.5000000 4.0000000 4.5000000 ,630.2112,203.5098,50.5873,11.787,4.6345,1.4893,0.7367,0.3468,0,0,45.8732,44.5261,18.699,6.295,3.2527,1.2887,0.7382,0.4068,0,0,14.6019,14.1731,5.9521,2.0037,1.0354,0.4102,0.235,0.1295,0,0,0.3309,0.8106,0.5572,0.2697,0.1824,0.089,0.059,0.038,0,0,2885,103,14,2,2,0,0,0,0,0
T3_4,km,7/25/22 19:24,1.579,,,,,,,ScannerOrCamera,EPSON EPSON Scan 2 EPSON Expression 12000XL 2.2 V6.2 6.2.2.13428 ,381.1439,15.8954,23.9782,240 420 2740 4200  0,MAG ANG DIAM LEN,Grey Intr cm 0.006358 0.006343 Scanner.Cal,GreyThdAutom-139,Smooth Off Area Off LWRatio Off,Off,3.14,1611.9861,0,86.7956,0,272.6763,0,0.5384,0,513.3714,0,3.67,,,4953,16400,1687,,,,,,,,,0,,,,,,,,,,,10,0.0000000 0.5000000 1.0000000 1.5000000 2.0000000 2.5000000 3.0000000 3.5000000 4.0000000 4.5000000 ,1090.4178,355.0694,98.6091,37.5282,17.0082,7.4824,2.4402,1.724,0.476,0.5794,74.4516,76.6935,37.1926,20.2465,11.9266,6.4833,2.4286,1.9942,0.6585,0.8646,23.6987,24.4123,11.8388,6.4447,3.7964,2.0637,0.7731,0.6348,0.2096,0.2752,0.5237,1.3748,1.1301,0.8756,0.6683,0.4483,0.1926,0.1838,0.0724,0.1031,4762,169,17,5,0,0,0,0,0,0
C4_2,km,7/25/22 19:26,0.569,,,,,,,ScannerOrCamera,EPSON EPSON Scan 2 EPSON Expression 12000XL 2.2 V6.2 6.2.2.13428 ,238.826,13.5429,17.6348,400 990 2530 3770  0,MAG ANG DIAM LEN,Grey Intr cm 0.006358 0.006343 Scanner.Cal,GreyThdAutom-140,Smooth Off Area Off LWRatio Off,Off,3.14,639.0824,0,30.8378,0,96.8797,0,0.4825,0,203.5294,0,1.169,,,1708,3946,487,,,,,,,,,0,,,,,,,,,,,10,0.0000000 0.5000000 1.0000000 1.5000000 2.0000000 2.5000000 3.0000000 3.5000000 4.0000000 4.5000000 ,468.9584,124.7144,30.5435,8.7155,3.4255,1.6143,0.3836,0.4405,0.0338,0,34.511,26.1666,11.7251,4.6715,2.3794,1.3591,0.3834,0.4973,0.0426,0,10.9852,8.3291,3.7322,1.487,0.7574,0.4326,0.122,0.1583,0.0136,0,0.2466,0.4548,0.3624,0.2007,0.132,0.0912,0.0305,0.0447,0.0043,0,1599,89,17,3,0,0,0,0,0,0
C3_3,km,7/25/22 19:28,1.324,,,,,,,ScannerOrCamera,EPSON EPSON Scan 2 EPSON Expression 12000XL 2.2 V6.2 6.2.2.13428 ,352.7699,16.2134,21.758,210 560 2760 3990  0,MAG ANG DIAM LEN,Grey Intr cm 0.006358 0.006343 Scanner.Cal,GreyThdAutom-139,Smooth Off Area Off LWRatio Off,Off,3.14,1536.8006,0,83.4614,0,262.2018,0,0.5431,0,489.4269,0,3.56,,,5259,14838,1429,,,,,,,,,0,,,,,,,,,,,10,0.0000000 0.5000000 1.0000000 1.5000000 2.0000000 2.5000000 3.0000000 3.5000000 4.0000000 4.5000000 ,1052.9297,308.4365,102.3924,44.8917,15.203,6.9451,3.1116,1.0875,0.1975,0.3763,68.9033,67.5272,38.7061,24.0825,10.6427,5.9749,3.1536,1.2822,0.2631,0.5955,21.9326,21.4946,12.3205,7.6657,3.3877,1.9019,1.0038,0.4081,0.0837,0.1896,0.4725,1.2283,1.1794,1.0355,0.5951,0.4102,0.2548,0.1204,0.028,0.0756,5083,158,14,4,0,0,0,0,0,0
C1_1,km,7/25/22 19:30,1.398,,,,,,,ScannerOrCamera,EPSON EPSON Scan 2 EPSON Expression 12000XL 2.2 V6.2 6.2.2.13428 ,313.5625,14.3695,21.8214,360 630 2620 4070  0,MAG ANG DIAM LEN,Grey Intr cm 0.006358 0.006343 Scanner.Cal,GreyThdAutom-138,Smooth Off Area Off LWRatio Off,Off,3.14,1316.7087,0,69.1817,0,217.3406,0,0.5254,0,419.334,0,2.855,,,4031,12024,1406,,,,,,,,,0,,,,,,,,,,,10,0.0000000 0.5000000 1.0000000 1.5000000 2.0000000 2.5000000 3.0000000 3.5000000 4.0000000 4.5000000 ,934.021,253.5504,58.6841,44.7566,14.2533,5.7818,2.4996,1.0854,0.1842,0.9875,64.0042,55.0486,22.3043,23.892,9.9799,4.9217,2.5135,1.2848,0.2456,1.4882,20.3732,17.5225,7.0997,7.6051,3.1767,1.5666,0.8001,0.409,0.0782,0.4737,0.4447,0.9924,0.6834,1.0219,0.5589,0.3341,0.2015,0.1211,0.026,0.1796,3851,146,24,4,2,4,0,0,0,0
T3_2,km,7/25/22 19:33,1.071,,,,,,,ScannerOrCamera,EPSON EPSON Scan 2 EPSON Expression 12000XL 2.2 V6.2 6.2.2.13428 ,341.8196,14.3695,23.7879,380 640 2640 4390  0,MAG ANG DIAM LEN,Grey Intr cm 0.006358 0.006343 Scanner.Cal,GreyThdAutom-140,Smooth Off Area Off LWRatio Off,Off,3.14,948.6815,0,54.4956,0,171.2031,0,0.5744,0,302.1279,0,2.459,,,2929,8672,805,,,,,,,,,0,,,,,,,,,,,10,0.0000000 0.5000000 1.0000000 1.5000000 2.0000000 2.5000000 3.0000000 3.5000000 4.0000000 4.5000000 ,607.0477,238.234,60.8123,27.0643,8.8321,3.0921,2.3405,0.5087,0.3882,0.1713,43.2019,52.7812,22.9176,14.5591,6.2261,2.6737,2.354,0.5668,0.5279,0.2554,13.7516,16.8008,7.2949,4.6343,1.9818,0.8511,0.7493,0.1804,0.168,0.0813,0.3125,0.9702,0.696,0.6276,0.3507,0.1845,0.1889,0.0501,0.0572,0.0303,2817,92,16,4,0,0,0,0,0,0
T2_3,km,7/25/22 19:34,1.186,,,,,,,ScannerOrCamera,,281.9255,14.8146,19.0303,400 630 2730 3630  0,MAG ANG DIAM LEN,Grey Intr cm 0.006358 0.006343 Scanner.Cal,GreyThdAutom-138,Smooth Off Area Off LWRatio Off,Off,3.14,838.8587,0,49.745,0,156.2787,0,0.593,0,267.1525,0,2.317,,,2358,6782,639,,,,,,,,,0,,,,,,,,,,,10,0.0000000 0.5000000 1.0000000 1.5000000 2.0000000 2.5000000 3.0000000 3.5000000 4.0000000 4.5000000 ,524.5382,199.8893,73.5656,26.1499,8.9092,3.6767,1.0023,0.5745,0.1529,0.1856,37.3333,44.0574,28.0297,13.9353,6.2685,3.1997,1.012,0.6644,0.2035,0.2776,11.8836,14.0239,8.9221,4.4357,1.9953,1.0185,0.3221,0.2115,0.0648,0.0884,0.2696,0.8053,0.8601,0.595,0.3524,0.222,0.0815,0.0613,0.0216,0.0331,2235,96,21,4,0,2,0,0,0,0
T4_2,km,7/25/22 19:37,0.705,,,,,,,ScannerOrCamera,,255.7899,13.3522,19.1572,370 940 2470 3960  0,MAG ANG DIAM LEN,Grey Intr cm 0.006358 0.006343 Scanner.Cal,GreyThdAutom-142,Smooth Off Area Off LWRatio Off,Off,3.14,888.7243,0,42.8895,0,134.7413,0,0.4826,0,283.0332,0,1.626,,,2062,6938,908,,,,,,,,,0,,,,,,,,,,,10,0.0000000 0.5000000 1.0000000 1.5000000 2.0000000 2.5000000 3.0000000 3.5000000 4.0000000 4.5000000 ,643.7337,176.4505,44.4668,15.8148,4.4312,2.1889,0.6356,0.4585,0,0.0333,47.0795,37.2361,16.8823,8.3977,3.1069,1.8794,0.6345,0.5271,0,0.0509,14.9859,11.8526,5.3738,2.6731,0.989,0.5982,0.202,0.1678,0,0.0162,0.3411,0.6502,0.516,0.3573,0.174,0.1287,0.0506,0.0483,0,0.0062,1991,64,7,0,0,0,0,0,0,0
T1_2,km,7/25/22 19:39,0.542,,1.757,0.156,,,,ScannerOrCamera,EPSON EPSON Scan 2 EPSON Expression 12000XL 2.2 V6.2 6.2.2.13428 ,264.3405,14.3695,18.396,230 790 2490 3690  0,MAG ANG DIAM LEN,Grey Intr cm 0.006358 0.006343 Scanner.Cal,GreyThdAutom-146,Smooth Off Area Off LWRatio Off,Off,3.14,1172.6593,0,48.1785,0,151.3574,0,0.4108,0,373.4584,0,1.555,,,2905,8535,1268,,,,,,,,,0,,,,,,,,,,,10,0.0000000 0.5000000 1.0000000 1.5000000 2.0000000 2.5000000 3.0000000 3.5000000 4.0000000 4.5000000 ,930.2522,194.0869,36.3786,9.6319,1.4897,0.2002,0.0941,0,0,0,65.7079,41.4127,13.4968,5.0894,1.0346,0.1692,0.0903,0,0,0,20.9155,13.1821,4.2962,1.62,0.3293,0.0539,0.0287,0,0,0,0.4595,0.7327,0.4033,0.2154,0.0574,0.0114,0.0069,0,0,0,2805,88,10,2,0,0,0,0,0,0
T4_1,km,7/25/22 19:41,0.435,,,,,,,ScannerOrCamera,,310.7876,14.2423,21.8214,240 480 2480 3920  0,MAG ANG DIAM LEN,Grey Intr cm 0.006358 0.006343 Scanner.Cal,GreyThdAutom-143,Smooth Off Area Off LWRatio Off,Off,3.14,649.1969,0,28.5929,0,89.8273,0,0.4404,0,206.7506,0,0.989,,,1551,3397,431,,,,,,,,,0,,,,,,,,,,,10,0.0000000 0.5000000 1.0000000 1.5000000 2.0000000 2.5000000 3.0000000 3.5000000 4.0000000 4.5000000 ,495.7759,116.1659,29.9915,5.4663,1.2346,0.0947,0.1719,0.0206,0,0,37.0855,24.3661,11.2888,2.862,0.8818,0.0808,0.1792,0.0243,0,0,11.8047,7.756,3.5933,0.911,0.2807,0.0257,0.057,0.0077,0,0,0.2698,0.4247,0.3423,0.1201,0.0503,0.0055,0.0149,0.0023,0,0,1481,62,8,0,0,0,0,0,0,0
C2_3,km,7/25/22 19:44,1.509,,,,,,,ScannerOrCamera,,339.8433,13.988,24.2954,300 250 2500 4080  0,MAG ANG DIAM LEN,Grey Intr cm 0.006358 0.006343 Scanner.Cal,GreyThdAutom-136,Smooth Off Area Off LWRatio Off,Off,3.14,1530.3667,0,89.2853,0,280.4979,0,0.5834,0,487.3779,0,4.091,,,4194,15394,1492,,,,,,,,,0,,,,,,,,,,,10,0.0000000 0.5000000 1.0000000 1.5000000 2.0000000 2.5000000 3.0000000 3.5000000 4.0000000 4.5000000 ,1017.5896,316.9206,107.9673,47.9189,21.5366,10.6351,4.0975,2.1425,0.7959,0,71.3172,69.691,41.399,25.8442,15.0594,9.1457,4.1154,2.4987,1.3033,0,22.701,22.1833,13.1777,8.2265,4.7936,2.9112,1.31,0.7954,0.4148,0,0.5037,1.2723,1.2791,1.1172,0.8415,0.6273,0.3296,0.2323,0.137,0,4052,121,16,4,1,0,0,0,0,0
T3_3,km,7/25/22 19:47,1.505,,,,,,,ScannerOrCamera,EPSON EPSON Scan 2 EPSON Expression 12000XL 2.2 V6.2 6.2.2.13428 ,302.6807,15.196,19.9184,270 900 2660 4040  0,MAG ANG DIAM LEN,Grey Intr cm 0.006358 0.006343 Scanner.Cal,GreyThdAutom-137,Smooth Off Area Off LWRatio Off,Off,3.14,1213.4138,0,71.3582,0,224.1785,0,0.5881,0,386.4375,0,3.296,,,3942,11852,1129,,,,,,,,,0,,,,,,,,,,,10,0.0000000 0.5000000 1.0000000 1.5000000 2.0000000 2.5000000 3.0000000 3.5000000 4.0000000 4.5000000 ,793.3216,262.7473,89.9763,37.6578,14.8151,7.5292,3.3098,1.3512,0.8342,1.1774,54.7597,57.6535,34.4023,20.2067,10.3432,6.4663,3.3858,1.56,1.1057,1.8666,17.4306,18.3517,10.9506,6.432,3.2923,2.0583,1.0777,0.4966,0.3519,0.5942,0.3871,1.0522,1.0601,0.8694,0.577,0.4429,0.2763,0.1435,0.1168,0.2369,3809,106,20,5,2,0,0,0,0,0
T4_4,km,7/25/22 19:49,0.497,,,,,,,ScannerOrCamera,,168.7923,14.3059,11.7988,410 1220 2660 3080  0,MAG ANG DIAM LEN,Grey Intr cm 0.006358 0.006343 Scanner.Cal,GreyThdAutom-142,Smooth Off Area Off LWRatio Off,Off,3.14,745.617,0,35.2509,0,110.7441,0,0.4728,0,237.4576,0,1.309,,,1967,5438,686,,,,,,,,,0,,,,,,,,,,,10,0.0000000 0.5000000 1.0000000 1.5000000 2.0000000 2.5000000 3.0000000 3.5000000 4.0000000 4.5000000 ,551.6961,142.1501,35.4407,10.2256,3.3874,1.2375,0.5489,0.3715,0,0.1777,39.6366,29.8754,13.241,5.5395,2.3787,1.0462,0.5567,0.4314,0,0.3207,12.6167,9.5096,4.2147,1.7633,0.7572,0.333,0.1772,0.1373,0,0.1021,0.281,0.5218,0.3984,0.2408,0.1334,0.0706,0.045,0.0399,0,0.0342,1881,80,3,2,0,0,0,1,0,0
C1_4,km,7/25/22 19:51,0.785,,,,,,,ScannerOrCamera,EPSON EPSON Scan 2 EPSON Expression 12000XL 2.2 V6.2 6.2.2.13428 ,314.9177,15.514,20.299,310 1160 2750 4360  0,MAG ANG DIAM LEN,Grey Intr cm 0.006358 0.006343 Scanner.Cal,GreyThdAutom-143,Smooth Off Area Off LWRatio Off,Off,3.14,905.3058,0,41.7332,0,131.1086,0,0.461,0,288.3139,0,1.511,,,2472,7930,1116,,,,,,,,,0,,,,,,,,,,,10,0.0000000 0.5000000 1.0000000 1.5000000 2.0000000 2.5000000 3.0000000 3.5000000 4.0000000 4.5000000 ,692.6158,138.1844,40.5692,17.7799,10.549,2.3243,2.3569,0.3628,0,0.0777,44.6219,29.7002,15.409,9.5609,7.3779,1.9487,2.3957,0.4089,0,0.1116,14.2036,9.4539,4.9048,3.0433,2.3485,0.6203,0.7626,0.1302,0,0.0355,0.2955,0.5308,0.4722,0.4122,0.4121,0.1302,0.1943,0.0367,0,0.0128,2416,47,6,0,3,0,0,0,0,0
T1_3,km,7/25/22 19:53,0.304,,,,,,,ScannerOrCamera,EPSON EPSON Scan 2 EPSON Expression 12000XL 2.2 V6.2 6.2.2.13428 ,267.3937,14.6874,18.2057,280 920 2590 3790  0,MAG ANG DIAM LEN,Grey Intr cm 0.006358 0.006343 Scanner.Cal,GreyThdAutom-143,Smooth Off Area Off LWRatio Off,Off,3.14,505.6992,0,23.7229,0,74.5278,0,0.4691,0,161.0507,0,0.874,,,1420,3665,459,,,,,,,,,0,,,,,,,,,,,10,0.0000000 0.5000000 1.0000000 1.5000000 2.0000000 2.5000000 3.0000000 3.5000000 4.0000000 4.5000000 ,369.0967,103.2684,20.535,8.8762,2.3868,0.9699,0.2886,0,0,0,26.6096,21.4785,7.7722,4.8229,1.6542,0.8275,0.2833,0,0,0,8.4701,6.8368,2.474,1.5352,0.5266,0.2634,0.0902,0,0,0,0.1902,0.3706,0.237,0.21,0.0916,0.0563,0.0221,0,0,0,1342,68,7,3,0,0,0,0,0,0
C1_2,km,7/25/22 19:55,0.242,,1.751,0.137,,,,ScannerOrCamera,EPSON EPSON Scan 2 EPSON Expression 12000XL 2.2 V6.2 6.2.2.13428 ,156.8135,11.4447,13.7018,670 1200 2470 3360  0,MAG ANG DIAM LEN,Grey Intr cm 0.006358 0.006343 Scanner.Cal,GreyThdAutom-141,Smooth Off Area Off LWRatio Off,Off,3.14,349.8116,0,14.8216,0,46.5636,0,0.4237,0,111.405,0,0.493,,,954,1910,293,,,,,,,,,0,,,,,,,,,,,10,0.0000000 0.5000000 1.0000000 1.5000000 2.0000000 2.5000000 3.0000000 3.5000000 4.0000000 4.5000000 ,270.1022,60.2219,14.6711,3.7009,0.8424,0.018,0,0,0,0,19.4135,12.3983,5.5429,1.941,0.5597,0.0166,0,0,0,0,6.1795,3.9465,1.7644,0.6178,0.1781,0.0053,0,0,0,0,0.1368,0.2115,0.1685,0.0816,0.0297,0.0012,0,0,0,0,924,26,3,1,0,0,0,0,0,0
T1_4,km,7/25/22 19:57,0.459,,,,,,,ScannerOrCamera,EPSON EPSON Scan 2 EPSON Expression 12000XL 2.2 V6.2 6.2.2.13428 ,246.215,14.8146,16.6198,360 1150 2690 3770  0,MAG ANG DIAM LEN,Grey Intr cm 0.006358 0.006343 Scanner.Cal,GreyThdAutom-140,Smooth Off Area Off LWRatio Off,Off,3.14,304.2662,0,15.266,0,47.9595,0,0.5017,0,96.9001,0,0.602,,,924,1487,158,,,,,,,,,0,,,,,,,,,,,10,0.0000000 0.5000000 1.0000000 1.5000000 2.0000000 2.5000000 3.0000000 3.5000000 4.0000000 4.5000000 ,213.0041,63.7858,14.1278,11.5208,1.3131,0.3655,0.0137,0,0,0,15.5248,14.0678,5.1142,6.0693,0.9003,0.3137,0.0132,0,0,0,4.9417,4.4779,1.6279,1.9319,0.2866,0.0999,0.0042,0,0,0,0.1134,0.2592,0.1491,0.2553,0.0493,0.0215,0.001,0,0,0,867,41,10,6,0,0,0,0,0,0
C2_2,km,7/25/22 19:59,1.12,,1.761,0.146,,,,ScannerOrCamera,,387.6778,16.9763,22.8364,90 730 2760 4330  0,MAG ANG DIAM LEN,Grey Intr cm 0.006358 0.006343 Scanner.Cal,GreyThdAutom-138,Smooth Off Area Off LWRatio Off,Off,3.14,1150.7509,0,63.0412,0,198.0496,0,0.5478,0,366.4812,0,2.712,,,3479,9984,1036,,,,,,,,,0,,,,,,,,,,,10,0.0000000 0.5000000 1.0000000 1.5000000 2.0000000 2.5000000 3.0000000 3.5000000 4.0000000 4.5000000 ,780.8316,245.1279,69.0437,32.2317,11.1173,4.3671,4.1219,1.3804,0.9903,0.6275,54.127,52.9645,26.1518,17.2182,7.7525,3.7501,4.1439,1.6136,1.3228,0.9587,17.2292,16.8591,8.3244,5.4807,2.4677,1.1937,1.319,0.5136,0.4211,0.3052,0.3834,0.9501,0.7988,0.7372,0.4321,0.2569,0.3321,0.1503,0.1408,0.1171,3338,117,13,9,1,0,0,0,1,0
C3_4,km,7/25/22 20:03,0.956,,,,,,,ScannerOrCamera,EPSON EPSON Scan 2 EPSON Expression 12000XL 2.2 V6.2 6.2.2.13428 ,360.9776,15.8954,22.7095,190 680 2690 4260  0,MAG ANG DIAM LEN,Grey Intr cm 0.006358 0.006343 Scanner.Cal,GreyThdAutom-141,Smooth Off Area Off LWRatio Off,Off,3.14,1456.2387,0,66.013,0,207.3861,0,0.4533,0,463.7703,0,2.35,,,3379,10929,1511,,,,,,,,,0,,,,,,,,,,,10,0.0000000 0.5000000 1.0000000 1.5000000 2.0000000 2.5000000 3.0000000 3.5000000 4.0000000 4.5000000 ,1082.8254,296.8486,53.1869,15.4667,4.7489,1.6289,0.5501,0.2881,0.1158,0.1576,77.4067,62.8371,20.0479,8.2441,3.2818,1.4004,0.5509,0.3351,0.1545,0.2323,24.6393,20.0017,6.3815,2.6242,1.0446,0.4457,0.1754,0.1067,0.0492,0.0739,0.5514,1.1033,0.609,0.3521,0.1811,0.0961,0.044,0.031,0.0164,0.0273,3234,135,8,2,0,0,0,0,0,0
C3_2,km,7/25/22 20:05,0.721,,,,,,,ScannerOrCamera,,276.9727,14.751,18.7766,210 810 2530 3770  0,MAG ANG DIAM LEN,Grey Intr cm 0.006358 0.006343 Scanner.Cal,GreyThdAutom-141,Smooth Off Area Off LWRatio Off,Off,3.14,655.6966,0,33.1104,0,104.0195,0,0.505,0,208.8206,0,1.313,,,1847,4467,524,,,,,,,,,0,,,,,,,,,,,10,0.0000000 0.5000000 1.0000000 1.5000000 2.0000000 2.5000000 3.0000000 3.5000000 4.0000000 4.5000000 ,463.5084,134.112,39.4942,12.8195,3.7643,0.9879,0.7031,0.0328,0.0725,0,33.6723,29.0949,15.339,6.7525,2.6287,0.8655,0.6917,0.037,0.0999,0,10.7182,9.2612,4.8826,2.1494,0.8367,0.2755,0.2202,0.0118,0.0318,0,0.2424,0.5233,0.4803,0.285,0.1468,0.0605,0.0542,0.0033,0.011,0,1743,94,5,3,1,1,0,0,0,0
C2_4,km,7/25/22 20:07,0.807,,,,,,,ScannerOrCamera,,344.0096,15.4504,22.2655,170 640 2600 4150  0,MAG ANG DIAM LEN,Grey Intr cm 0.006358 0.006343 Scanner.Cal,GreyThdAutom-141,Smooth Off Area Off LWRatio Off,Off,3.14,1102.5466,0,54.394,0,170.8838,0,0.4933,0,351.1295,0,2.108,,,2540,8486,1073,,,,,,,,,0,,,,,,,,,,,10,0.0000000 0.5000000 1.0000000 1.5000000 2.0000000 2.5000000 3.0000000 3.5000000 4.0000000 4.5000000 ,785.4104,232.4338,61.8975,15.1976,5.128,1.2364,0.4421,0.068,0.0613,0,56.8744,50.4005,23.1139,8.1368,3.5629,1.032,0.4117,0.0892,0.0787,0,18.1037,16.043,7.3574,2.59,1.1341,0.3285,0.131,0.0284,0.0251,0,0.4072,0.9068,0.6951,0.3489,0.1979,0.0687,0.0304,0.0093,0.0081,0,2395,125,15,5,0,0,0,0,0,0
T1_1,km,7/25/22 20:09,0.958,,,,,,,ScannerOrCamera,,331.8574,15.3868,21.5677,250 810 2670 4210  0,MAG ANG DIAM LEN,Grey Intr cm 0.006358 0.006343 Scanner.Cal,GreyThdAutom-141,Smooth Off Area Off LWRatio Off,Off,3.14,1519.459,0,76.3753,0,239.9402,0,0.5026,0,483.9041,0,3.015,,,3587,13481,1656,,,,,,,,,0,,,,,,,,,,,10,0.0000000 0.5000000 1.0000000 1.5000000 2.0000000 2.5000000 3.0000000 3.5000000 4.0000000 4.5000000 ,1086.5684,313.3892,73.4092,28.826,8.6666,3.3672,1.3037,1.6268,1.2013,0.3411,78.267,67.4375,27.9125,15.4087,6.0923,2.8522,1.3246,1.877,1.6046,0.5492,24.9131,21.466,8.8848,4.9047,1.9392,0.9079,0.4216,0.5975,0.5108,0.1748,0.5648,1.2043,0.8553,0.6605,0.3424,0.1926,0.1074,0.1725,0.1708,0.0713,3410,155,19,2,1,0,0,0,0,0
C1_3,km,7/25/22 20:11,1.16,,,,,,,ScannerOrCamera,,316.773,14.6874,21.5677,190 770 2500 4170  0,MAG ANG DIAM LEN,Grey Intr cm 0.006358 0.006343 Scanner.Cal,GreyThdAutom-139,Smooth Off Area Off LWRatio Off,Off,3.14,1173.788,0,59.6688,0,187.4552,0,0.5083,0,373.8178,0,2.382,,,2718,10040,1269,,,,,,,,,0,,,,,,,,,,,10,0.0000000 0.5000000 1.0000000 1.5000000 2.0000000 2.5000000 3.0000000 3.5000000 4.0000000 4.5000000 ,844.2364,211.604,64.0725,34.4705,10.2251,2.4424,2.2658,1.5729,1.5398,0.7122,55.8636,45.4573,24.7026,18.3869,7.1716,2.1067,2.2523,1.8162,2.0273,1.2008,17.7819,14.4695,7.8631,5.8527,2.2828,0.6706,0.7169,0.5781,0.6453,0.3822,0.3808,0.8095,0.7678,0.7864,0.4021,0.1449,0.1782,0.1672,0.2126,0.1633,2639,65,8,4,1,0,0,1,0,0
T2_2,km,7/25/22 20:13,0.986,,1.761,0.115,,,,ScannerOrCamera,,262.2633,14.3059,18.3325,330 900 2580 3790  0,MAG ANG DIAM LEN,Grey Intr cm 0.006358 0.006343 Scanner.Cal,GreyThdAutom-136,Smooth Off Area Off LWRatio Off,Off,3.14,914.7647,0,60.3429,0,189.573,0,0.6597,0,291.3263,0,3.126,,,2673,7683,577,,,,,,,,,0,,,,,,,,,,,10,0.0000000 0.5000000 1.0000000 1.5000000 2.0000000 2.5000000 3.0000000 3.5000000 4.0000000 4.5000000 ,568.357,216.4362,65.9919,31.4646,14.2534,8.2515,3.8636,2.1673,1.2494,2.3471,41.1144,47.1914,24.9975,16.9294,10.0301,7.1166,3.9319,2.5347,1.6952,3.9362,13.0871,15.0215,7.957,5.3888,3.1927,2.2653,1.2516,0.8068,0.5396,1.2529,0.2974,0.8534,0.7636,0.7306,0.564,0.4896,0.319,0.2362,0.1831,0.5335,2536,109,14,8,0,5,0,0,0,1
C4_4,km,7/25/22 20:15,0.899,,,,,,,ScannerOrCamera,,252.7247,15.3232,16.4929,180 1010 2590 3610  0,MAG ANG DIAM LEN,Grey Intr cm 0.006358 0.006343 Scanner.Cal,GreyThdAutom-140,Smooth Off Area Off LWRatio Off,Off,3.14,1109.3726,0,57.1288,0,179.4753,0,0.515,0,353.3034,0,2.311,,,3266,10597,1229,,,,,,,,,0,,,,,,,,,,,10,0.0000000 0.5000000 1.0000000 1.5000000 2.0000000 2.5000000 3.0000000 3.5000000 4.0000000 4.5000000 ,781.8668,230.3278,55.6884,23.6568,8.6567,3.7973,2.6662,1.3475,0.264,0.3246,53.8217,49.9059,21.0893,12.636,6.0868,3.2146,2.6756,1.5521,0.3828,0.4804,17.132,15.8856,6.7129,4.0222,1.9375,1.0232,0.8517,0.4941,0.1218,0.1529,0.3779,0.8996,0.644,0.5412,0.3421,0.2169,0.2142,0.1424,0.0439,0.0566,3134,109,13,7,3,0,0,0,0,0
T2_1,KM,7/25/22 20:20,1.753,,,,,,,ScannerOrCamera,EPSON EPSON Scan 2 EPSON Expression 12000XL 2.2 V6.2 6.2.2.13428 ,324.662,14.8781,21.8214,260 590 2600 4030  0,MAG ANG DIAM LEN,Grey Intr cm 0.006358 0.006343 Scanner.Cal,GreyThdAutom-138,Smooth Off Area Off LWRatio Off,Off,3.14,869.1528,0,53.7304,0,168.7991,0,0.6182,0,276.8002,0,2.609,,,2088,5579,492,,,,,,,,,0,,,,,,,,,,,10,0.0000000 0.5000000 1.0000000 1.5000000 2.0000000 2.5000000 3.0000000 3.5000000 4.0000000 4.5000000 ,557.1959,195.9893,50.9487,29.3414,25.4964,6.8069,2.3533,0.5722,0.0248,0.0201,42.8338,41.7432,19.2873,16.145,17.7718,5.8026,2.3555,0.6795,0.0313,0.0285,13.6344,13.2873,6.1393,5.1391,5.6569,1.847,0.7498,0.2163,0.01,0.0091,0.3169,0.738,0.5882,0.7118,0.9897,0.3947,0.188,0.0642,0.0031,0.0032,1937,119,19,7,3,2,1,0,0,0
C3_1,KM,7/25/22 20:22,0.943,,,,,,,ScannerOrCamera,,296.3324,14.2423,20.8065,350 520 2590 3800  0,MAG ANG DIAM LEN,Grey Intr cm 0.006358 0.006343 Scanner.Cal,GreyThdAutom-141,Smooth Off Area Off LWRatio Off,Off,3.14,990.8107,0,47.2472,0,148.4315,0,0.4769,0,315.5448,0,1.77,,,2093,6444,900,,,,,,,,,0,,,,,,,,,,,10,0.0000000 0.5000000 1.0000000 1.5000000 2.0000000 2.5000000 3.0000000 3.5000000 4.0000000 4.5000000 ,719.3764,198.8493,50.5023,14.939,4.2731,1.1311,0.9897,0.2136,0.0206,0,51.5539,42.7142,18.9872,7.9414,2.954,0.9873,0.9991,0.2548,0.026,0,16.4101,13.5964,6.0438,2.5278,0.9403,0.3143,0.318,0.0811,0.0083,0,0.3629,0.7611,0.5752,0.3382,0.163,0.0687,0.0803,0.0243,0.0026,0,1993,87,10,3,0,0,0,0,0,0
C4_1,KM,7/25/22 20:24,1.918,,,,,,,ScannerOrCamera,EPSON EPSON Scan 2 EPSON Expression 12000XL 2.2 V6.2 6.2.2.13428 ,382.9347,16.4041,23.3438,190 500 2770 4180  0,MAG ANG DIAM LEN,Grey Intr cm 0.006358 0.006343 Scanner.Cal,GreyThdAutom-136,Smooth Off Area Off LWRatio Off,Off,3.14,1012.15,0,69.2462,0,217.5435,0,0.6841,0,322.3408,0,3.721,,,1809,7289,625,,,,,,,,,0,,,,,,,,,,,10,0.0000000 0.5000000 1.0000000 1.5000000 2.0000000 2.5000000 3.0000000 3.5000000 4.0000000 4.5000000 ,595.031,261.1089,78.7952,38.5131,17.5484,9.3327,5.8849,2.9773,1.6928,0.9116,46.5349,56.6389,30.0899,20.8262,12.3523,8.0233,5.9586,3.4301,2.251,1.3958,14.8125,18.0287,9.5779,6.6292,3.9319,2.5539,1.8967,1.0918,0.7165,0.4443,0.3542,1.0197,0.9255,0.9027,0.6947,0.5501,0.481,0.315,0.2384,0.1703,1658,115,26,9,0,1,0,0,0,0
T3_1,KM,7/25/22 20:26,1.164,,,,,,,ScannerOrCamera,,389.2589,16.2769,23.9148,180 400 2740 4170  0,MAG ANG DIAM LEN,Grey Intr cm 0.006358 0.006343 Scanner.Cal,GreyThdAutom-137,Smooth Off Area Off LWRatio Off,Off,3.14,1006.0301,0,62.6975,0,196.97,0,0.6232,0,320.3917,0,3.069,,,2619,7694,693,,,,,,,,,0,,,,,,,,,,,10,0.0000000 0.5000000 1.0000000 1.5000000 2.0000000 2.5000000 3.0000000 3.5000000 4.0000000 4.5000000 ,674.1378,200.0345,61.7772,33.5721,15.1564,9.5419,4.29,2.2147,1.6269,3.2494,50.1791,43.2156,23.3645,18.1536,10.6109,8.2066,4.3425,2.6118,2.1904,5.3018,15.9725,13.756,7.4371,5.7785,3.3775,2.6122,1.3823,0.8314,0.6972,1.6876,0.3686,0.7772,0.7122,0.7872,0.5934,0.5627,0.3504,0.2455,0.235,0.6963,2433,146,22,8,3,6,1,0,0,0
T4_3,KM,7/25/22 20:29,0.62,,,,,,,ScannerOrCamera,EPSON EPSON Scan 2 EPSON Expression 12000XL 2.2 V6.2 6.2.2.13428 ,201.3489,13.8608,14.5265,500 1030 2680 3320  0,MAG ANG DIAM LEN,Grey Intr cm 0.006358 0.006343 Scanner.Cal,GreyThdAutom-140,Smooth Off Area Off LWRatio Off,Off,3.14,532.1807,0,29.9966,0,94.237,0,0.5637,0,169.4843,0,1.328,,,1231,3755,374,,,,,,,,,0,,,,,,,,,,,10,0.0000000 0.5000000 1.0000000 1.5000000 2.0000000 2.5000000 3.0000000 3.5000000 4.0000000 4.5000000 ,360.5748,109.0889,37.2579,12.8906,5.5738,3.661,1.3233,0.9921,0.4731,0.2614,24.7955,23.7002,14.0392,6.8993,3.9495,3.1367,1.3242,1.1809,0.614,0.3922,7.8927,7.544,4.4688,2.1961,1.2572,0.9984,0.4215,0.3759,0.1954,0.1248,0.1732,0.4269,0.4257,0.2958,0.2236,0.2144,0.1057,0.112,0.0634,0.0468,1157,66,6,1,1,0,0,0,0,0